Workbook

Sheet Blocking
H1: 1 | I1: 2 | J1: 3 | K1: 4 | L1: 5 | M1: 6 | N1: 7 | O1: 8 | P1: 9 | Q1: 10 | R1: 11 | S1: 12 | T1: 13 | U1: 14 | V1: 15 | W1: 16 | X1: 17 | Y1: 18 | Z1: 19 | AA1: 20 | AD1: TEMP | AE1: 15 | AF1: 16 | AG1: 17
A2: INVENTORY TONS | C2: =E2 -> WHSE A | D2: A | E2: =CONCATENATE("WHSE ",D2) -> WHSE A | F2: STATE | G2: A | H2: =CONCATENATE($D2,"-",H$1,$G2) -> A-1A | I2: =CONCATENATE($D2,"-",I$1,$G2) -> A-2A | J2: =CONCATENATE($D2,"-",J$1,$G2) -> A-3A | K2: =CONCATENATE($D2,"-",K$1,$G2) -> A-4A | L2: =CONCATENATE($D2,"-",L$1,$G2) -> A-5A | M2: =CONCATENATE($D2,"-",M$1,$G2) -> A-6A | N2: =CONCATENATE($D2,"-",N$1,$G2) -> A-7A | O2: =CONCATENATE($D2,"-",O$1,$G2) -> A-8A | ... AA2: =CONCATENATE($D2,"-",AA$1,$G2) -> A-20A | AC2: PCA | AD2: A | AE2: =CONCATENATE($AC2,"-",AE$1,$AD2) -> PCA-15A | AF2: =CONCATENATE($AC2,"-",AF$1,$AD2) -> PCA-16A | AG2: =CONCATENATE($AC2,"-",AG$1,$AD2) -> PCA-17A
C3: TTLs | F3: =IF(COUNTIF(G3:Z3,"ERROR")=0,"CLEAR",COUNTIF(G3:Z3,"ERROR")&" ERRORS") -> CLEAR | G3: BLOCK | H3: =IFERROR(__xludf.DUMMYFUNCTION("IFERROR(IF(COUNTA(UNIQUE(FILTER(RC_IN[BLOCK],RC_IN[BLOCK LOC]=H2,RC_IN[STATE]<>""CLOSED"")))>1,""ERROR"",INDEX(UNIQUE(FILTER(RC_IN[BLOCK],RC_IN[BLOCK LOC]=H2,RC_IN[STATE]<>""CLOSED"")),1)),"""") "),"FEB-26-BLK3") -> FEB-26-BLK3 | I3: =IFERROR(__xludf.DUMMYFUNCTION("IFERROR(IF(COUNTA(UNIQUE(FILTER(RC_IN[BLOCK],RC_IN[BLOCK LOC]=I2,RC_IN[STATE]<>""CLOSED"")))>1,""ERROR"",INDEX(UNIQUE(FILTER(RC_IN[BLOCK],RC_IN[BLOCK LOC]=I2,RC_IN[STATE]<>""CLOSED"")),1)),"""") "),"FEB-26-BLK11") -> FEB-26-BLK11 | J3: =IFERROR(__xludf.DUMMYFUNCTION("IFERROR(IF(COUNTA(UNIQUE(FILTER(RC_IN[BLOCK],RC_IN[BLOCK LOC]=J2,RC_IN[STATE]<>""CLOSED"")))>1,""ERROR"",INDEX(UNIQUE(FILTER(RC_IN[BLOCK],RC_IN[BLOCK LOC]=J2,RC_IN[STATE]<>""CLOSED"")),1)),"""") "),"MARCH-26-BLK4") -> MARCH-26-BLK4 | K3: =IFERROR(__xludf.DUMMYFUNCTION("IFERROR(IF(COUNTA(UNIQUE(FILTER(RC_IN[BLOCK],RC_IN[BLOCK LOC]=K2,RC_IN[STATE]<>""CLOSED"")))>1,""ERROR"",INDEX(UNIQUE(FILTER(RC_IN[BLOCK],RC_IN[BLOCK LOC]=K2,RC_IN[STATE]<>""CLOSED"")),1)),"""") "),"MARCH-26-BLK13") -> MARCH-26-BLK13 | L3: =IFERROR(__xludf.DUMMYFUNCTION("IFERROR(IF(COUNTA(UNIQUE(FILTER(RC_IN[BLOCK],RC_IN[BLOCK LOC]=L2,RC_IN[STATE]<>""CLOSED"")))>1,""ERROR"",INDEX(UNIQUE(FILTER(RC_IN[BLOCK],RC_IN[BLOCK LOC]=L2,RC_IN[STATE]<>""CLOSED"")),1)),"""") "),"MARCH-26-BLK17") -> MARCH-26-BLK17 | M3: =IFERROR(__xludf.DUMMYFUNCTION("IFERROR(IF(COUNTA(UNIQUE(FILTER(RC_IN[BLOCK],RC_IN[BLOCK LOC]=M2,RC_IN[STATE]<>""CLOSED"")))>1,""ERROR"",INDEX(UNIQUE(FILTER(RC_IN[BLOCK],RC_IN[BLOCK LOC]=M2,RC_IN[STATE]<>""CLOSED"")),1)),"""") "),"FEB-26-BLK6") -> FEB-26-BLK6 | N3: =IFERROR(__xludf.DUMMYFUNCTION("IFERROR(IF(COUNTA(UNIQUE(FILTER(RC_IN[BLOCK],RC_IN[BLOCK LOC]=N2,RC_IN[STATE]<>""CLOSED"")))>1,""ERROR"",INDEX(UNIQUE(FILTER(RC_IN[BLOCK],RC_IN[BLOCK LOC]=N2,RC_IN[STATE]<>""CLOSED"")),1)),"""") "),"JAN-26-BLK22") -> JAN-26-BLK22 | O3: =IFERROR(__xludf.DUMMYFUNCTION("IFERROR(IF(COUNTA(UNIQUE(FILTER(RC_IN[BLOCK],RC_IN[BLOCK LOC]=O2,RC_IN[STATE]<>""CLOSED"")))>1,""ERROR"",INDEX(UNIQUE(FILTER(RC_IN[BLOCK],RC_IN[BLOCK LOC]=O2,RC_IN[STATE]<>""CLOSED"")),1)),"""") "),"JAN-26-BLK14") -> JAN-26-BLK14 | P3: =IFERROR(__xludf.DUMMYFUNCTION("IFERROR(IF(COUNTA(UNIQUE(FILTER(RC_IN[BLOCK],RC_IN[BLOCK LOC]=P2,RC_IN[STATE]<>""CLOSED"")))>1,""ERROR"",INDEX(UNIQUE(FILTER(RC_IN[BLOCK],RC_IN[BLOCK LOC]=P2,RC_IN[STATE]<>""CLOSED"")),1)),"""") "),"JAN-26-BLK1") -> JAN-26-BLK1 | Q3: =IFERROR(__xludf.DUMMYFUNCTION("IFERROR(IF(COUNTA(UNIQUE(FILTER(RC_IN[BLOCK],RC_IN[BLOCK LOC]=Q2,RC_IN[STATE]<>""CLOSED"")))>1,""ERROR"",INDEX(UNIQUE(FILTER(RC_IN[BLOCK],RC_IN[BLOCK LOC]=Q2,RC_IN[STATE]<>""CLOSED"")),1)),"""") "),"") | R3: =IFERROR(__xludf.DUMMYFUNCTION("IFERROR(IF(COUNTA(UNIQUE(FILTER(RC_IN[BLOCK],RC_IN[BLOCK LOC]=R2,RC_IN[STATE]<>""CLOSED"")))>1,""ERROR"",INDEX(UNIQUE(FILTER(RC_IN[BLOCK],RC_IN[BLOCK LOC]=R2,RC_IN[STATE]<>""CLOSED"")),1)),"""") "),"JAN-26-BLK15") -> JAN-26-BLK15 | S3: =IFERROR(__xludf.DUMMYFUNCTION("IFERROR(IF(COUNTA(UNIQUE(FILTER(RC_IN[BLOCK],RC_IN[BLOCK LOC]=S2,RC_IN[STATE]<>""CLOSED"")))>1,""ERROR"",INDEX(UNIQUE(FILTER(RC_IN[BLOCK],RC_IN[BLOCK LOC]=S2,RC_IN[STATE]<>""CLOSED"")),1)),"""") "),"NOV-24-BLK9") -> NOV-24-BLK9 | T3: =IFERROR(__xludf.DUMMYFUNCTION("IFERROR(IF(COUNTA(UNIQUE(FILTER(RC_IN[BLOCK],RC_IN[BLOCK LOC]=T2,RC_IN[STATE]<>""CLOSED"")))>1,""ERROR"",INDEX(UNIQUE(FILTER(RC_IN[BLOCK],RC_IN[BLOCK LOC]=T2,RC_IN[STATE]<>""CLOSED"")),1)),"""") "),"OCT-24-BLK3") -> OCT-24-BLK3 | U3: =IFERROR(__xludf.DUMMYFUNCTION("IFERROR(IF(COUNTA(UNIQUE(FILTER(RC_IN[BLOCK],RC_IN[BLOCK LOC]=U2,RC_IN[STATE]<>""CLOSED"")))>1,""ERROR"",INDEX(UNIQUE(FILTER(RC_IN[BLOCK],RC_IN[BLOCK LOC]=U2,RC_IN[STATE]<>""CLOSED"")),1)),"""") "),"AUG-24-BLK6") -> AUG-24-BLK6 | V3: =IFERROR(__xludf.DUMMYFUNCTION("IFERROR(IF(COUNTA(UNIQUE(FILTER(RC_IN[BLOCK],RC_IN[BLOCK LOC]=V2,RC_IN[STATE]<>""CLOSED"")))>1,""ERROR"",INDEX(UNIQUE(FILTER(RC_IN[BLOCK],RC_IN[BLOCK LOC]=V2,RC_IN[STATE]<>""CLOSED"")),1)),"""") "),"AUG-24-BLK3") -> AUG-24-BLK3 | W3: =IFERROR(__xludf.DUMMYFUNCTION("IFERROR(IF(COUNTA(UNIQUE(FILTER(RC_IN[BLOCK],RC_IN[BLOCK LOC]=W2,RC_IN[STATE]<>""CLOSED"")))>1,""ERROR"",INDEX(UNIQUE(FILTER(RC_IN[BLOCK],RC_IN[BLOCK LOC]=W2,RC_IN[STATE]<>""CLOSED"")),1)),"""") "),"") | X3: =IFERROR(__xludf.DUMMYFUNCTION("IFERROR(IF(COUNTA(UNIQUE(FILTER(RC_IN[BLOCK],RC_IN[BLOCK LOC]=X2,RC_IN[STATE]<>""CLOSED"")))>1,""ERROR"",INDEX(UNIQUE(FILTER(RC_IN[BLOCK],RC_IN[BLOCK LOC]=X2,RC_IN[STATE]<>""CLOSED"")),1)),"""") "),"JUNE-26-BLK1") -> JUNE-26-BLK1 | Y3: =IFERROR(__xludf.DUMMYFUNCTION("IFERROR(IF(COUNTA(UNIQUE(FILTER(RC_IN[BLOCK],RC_IN[BLOCK LOC]=Y2,RC_IN[STATE]<>""CLOSED"")))>1,""ERROR"",INDEX(UNIQUE(FILTER(RC_IN[BLOCK],RC_IN[BLOCK LOC]=Y2,RC_IN[STATE]<>""CLOSED"")),1)),"""") "),"MAY-26-BLK8") -> MAY-26-BLK8 | Z3: =IFERROR(__xludf.DUMMYFUNCTION("IFERROR(IF(COUNTA(UNIQUE(FILTER(RC_IN[BLOCK],RC_IN[BLOCK LOC]=Z2,RC_IN[STATE]<>""CLOSED"")))>1,""ERROR"",INDEX(UNIQUE(FILTER(RC_IN[BLOCK],RC_IN[BLOCK LOC]=Z2,RC_IN[STATE]<>""CLOSED"")),1)),"""") "),"MAY-26-BLK4") -> MAY-26-BLK4 | AA3: =IFERROR(__xludf.DUMMYFUNCTION("IFERROR(IF(COUNTA(UNIQUE(FILTER(RC_IN[BLOCK],RC_IN[BLOCK LOC]=AA2,RC_IN[STATE]<>""CLOSED"")))>1,""ERROR"",INDEX(UNIQUE(FILTER(RC_IN[BLOCK],RC_IN[BLOCK LOC]=AA2,RC_IN[STATE]<>""CLOSED"")),1)),"""") "),"APRIL-26-BLK7") -> APRIL-26-BLK7 | AD3: BLOCK | AE3: =IFERROR(__xludf.DUMMYFUNCTION("IFERROR(IF(COUNTA(UNIQUE(FILTER(RC_IN[BLOCK],RC_IN[BLOCK LOC]=AE2,RC_IN[STATE]<>""CLOSED"")))>1,""ERROR"",INDEX(UNIQUE(FILTER(RC_IN[BLOCK],RC_IN[BLOCK LOC]=AE2,RC_IN[STATE]<>""CLOSED"")),1)),"""") "),"") | AF3: =IFERROR(__xludf.DUMMYFUNCTION("IFERROR(IF(COUNTA(UNIQUE(FILTER(RC_IN[BLOCK],RC_IN[BLOCK LOC]=AF2,RC_IN[STATE]<>""CLOSED"")))>1,""ERROR"",INDEX(UNIQUE(FILTER(RC_IN[BLOCK],RC_IN[BLOCK LOC]=AF2,RC_IN[STATE]<>""CLOSED"")),1)),"""") "),"") | AG3: =IFERROR(__xludf.DUMMYFUNCTION("IFERROR(IF(COUNTA(UNIQUE(FILTER(RC_IN[BLOCK],RC_IN[BLOCK LOC]=AG2,RC_IN[STATE]<>""CLOSED"")))>1,""ERROR"",INDEX(UNIQUE(FILTER(RC_IN[BLOCK],RC_IN[BLOCK LOC]=AG2,RC_IN[STATE]<>""CLOSED"")),1)),"""") "),"")
A4: =SUM(C19,C32,C44,C69)/1000 -> 10293.922 | C4: =sum(H4:AA4) -> 1219668 | G4: BALANCE | H4: =SUMIFS(RC_IN[WT],RC_IN[BLOCK],H3,RC_IN[BLOCK LOC],H2)-SUMIFS(RC_OUT[WT],RC_OUT[BLOCK],H3,RC_OUT[BLOCK LOC],H2) -> 73575 | I4: =SUMIFS(RC_IN[WT],RC_IN[BLOCK],I3,RC_IN[BLOCK LOC],I2)-SUMIFS(RC_OUT[WT],RC_OUT[BLOCK],I3,RC_OUT[BLOCK LOC],I2) -> 63115 | J4: =SUMIFS(RC_IN[WT],RC_IN[BLOCK],J3,RC_IN[BLOCK LOC],J2)-SUMIFS(RC_OUT[WT],RC_OUT[BLOCK],J3,RC_OUT[BLOCK LOC],J2) -> 73580 | K4: =SUMIFS(RC_IN[WT],RC_IN[BLOCK],K3,RC_IN[BLOCK LOC],K2)-SUMIFS(RC_OUT[WT],RC_OUT[BLOCK],K3,RC_OUT[BLOCK LOC],K2) -> 75370 | L4: =SUMIFS(RC_IN[WT],RC_IN[BLOCK],L3,RC_IN[BLOCK LOC],L2)-SUMIFS(RC_OUT[WT],RC_OUT[BLOCK],L3,RC_OUT[BLOCK LOC],L2) -> 74995 | M4: =SUMIFS(RC_IN[WT],RC_IN[BLOCK],M3,RC_IN[BLOCK LOC],M2)-SUMIFS(RC_OUT[WT],RC_OUT[BLOCK],M3,RC_OUT[BLOCK LOC],M2) -> 59850 | N4: =SUMIFS(RC_IN[WT],RC_IN[BLOCK],N3,RC_IN[BLOCK LOC],N2)-SUMIFS(RC_OUT[WT],RC_OUT[BLOCK],N3,RC_OUT[BLOCK LOC],N2) -> 56234 | O4: =SUMIFS(RC_IN[WT],RC_IN[BLOCK],O3,RC_IN[BLOCK LOC],O2)-SUMIFS(RC_OUT[WT],RC_OUT[BLOCK],O3,RC_OUT[BLOCK LOC],O2) -> 59235 | ... AA4: =SUMIFS(RC_IN[WT],RC_IN[BLOCK],AA3,RC_IN[BLOCK LOC],AA2)-SUMIFS(RC_OUT[WT],RC_OUT[BLOCK],AA3,RC_OUT[BLOCK LOC],AA2) -> 60290 | AC4: =sum(AE4:AG4) -> 0 | AD4: BALANCE | AE4: =SUMIFS(RC_IN[WT],RC_IN[BLOCK],AE3,RC_IN[BLOCK LOC],AE2)-SUMIFS(RC_OUT[WT],RC_OUT[BLOCK],AE3,RC_OUT[BLOCK LOC],AE2) -> 0 | AF4: =SUMIFS(RC_IN[WT],RC_IN[BLOCK],AF3,RC_IN[BLOCK LOC],AF2)-SUMIFS(RC_OUT[WT],RC_OUT[BLOCK],AF3,RC_OUT[BLOCK LOC],AF2) -> 0 | AG4: =SUMIFS(RC_IN[WT],RC_IN[BLOCK],AG3,RC_IN[BLOCK LOC],AG2)-SUMIFS(RC_OUT[WT],RC_OUT[BLOCK],AG3,RC_OUT[BLOCK LOC],AG2) -> 0
A5: =sum(AC4,AC10,AC16,AC23,AC29,AC35)/1000 -> 0 | G5: BD | H5: =IFERROR(__xludf.DUMMYFUNCTION("IFERROR(SUMPRODUCT(FILTER(RC_IN[ASTM],RC_IN[BLOCK]=H3,RC_IN[BLOCK LOC]=H2),FILTER(RC_IN[WT],RC_IN[BLOCK]=H3,RC_IN[BLOCK LOC]=H2))/SUM(FILTER(RC_IN[WT],RC_IN[BLOCK]=H3,RC_IN[BLOCK LOC]=H2)),"""") "),0.5762532110091743) -> 0.57625321 | I5: =IFERROR(__xludf.DUMMYFUNCTION("IFERROR(SUMPRODUCT(FILTER(RC_IN[ASTM],RC_IN[BLOCK]=I3,RC_IN[BLOCK LOC]=I2),FILTER(RC_IN[WT],RC_IN[BLOCK]=I3,RC_IN[BLOCK LOC]=I2))/SUM(FILTER(RC_IN[WT],RC_IN[BLOCK]=I3,RC_IN[BLOCK LOC]=I2)),"""") "),0.5749999999999998) -> 0.575 | J5: =IFERROR(__xludf.DUMMYFUNCTION("IFERROR(SUMPRODUCT(FILTER(RC_IN[ASTM],RC_IN[BLOCK]=J3,RC_IN[BLOCK LOC]=J2),FILTER(RC_IN[WT],RC_IN[BLOCK]=J3,RC_IN[BLOCK LOC]=J2))/SUM(FILTER(RC_IN[WT],RC_IN[BLOCK]=J3,RC_IN[BLOCK LOC]=J2)),"""") "),0.5758032073933134) -> 0.57580321 | K5: =IFERROR(__xludf.DUMMYFUNCTION("IFERROR(SUMPRODUCT(FILTER(RC_IN[ASTM],RC_IN[BLOCK]=K3,RC_IN[BLOCK LOC]=K2),FILTER(RC_IN[WT],RC_IN[BLOCK]=K3,RC_IN[BLOCK LOC]=K2))/SUM(FILTER(RC_IN[WT],RC_IN[BLOCK]=K3,RC_IN[BLOCK LOC]=K2)),"""") "),0.5755880323736234) -> 0.57558803 | L5: =IFERROR(__xludf.DUMMYFUNCTION("IFERROR(SUMPRODUCT(FILTER(RC_IN[ASTM],RC_IN[BLOCK]=L3,RC_IN[BLOCK LOC]=L2),FILTER(RC_IN[WT],RC_IN[BLOCK]=L3,RC_IN[BLOCK LOC]=L2))/SUM(FILTER(RC_IN[WT],RC_IN[BLOCK]=L3,RC_IN[BLOCK LOC]=L2)),"""") "),0.5757370491366092) -> 0.57573705 | M5: =IFERROR(__xludf.DUMMYFUNCTION("IFERROR(SUMPRODUCT(FILTER(RC_IN[ASTM],RC_IN[BLOCK]=M3,RC_IN[BLOCK LOC]=M2),FILTER(RC_IN[WT],RC_IN[BLOCK]=M3,RC_IN[BLOCK LOC]=M2))/SUM(FILTER(RC_IN[WT],RC_IN[BLOCK]=M3,RC_IN[BLOCK LOC]=M2)),"""") "),0.5622988304093567) -> 0.56229883 | N5: =IFERROR(__xludf.DUMMYFUNCTION("IFERROR(SUMPRODUCT(FILTER(RC_IN[ASTM],RC_IN[BLOCK]=N3,RC_IN[BLOCK LOC]=N2),FILTER(RC_IN[WT],RC_IN[BLOCK]=N3,RC_IN[BLOCK LOC]=N2))/SUM(FILTER(RC_IN[WT],RC_IN[BLOCK]=N3,RC_IN[BLOCK LOC]=N2)),"""") "),0.5707482661734893) -> 0.57074827 | O5: =IFERROR(__xludf.DUMMYFUNCTION("IFERROR(SUMPRODUCT(FILTER(RC_IN[ASTM],RC_IN[BLOCK]=O3,RC_IN[BLOCK LOC]=O2),FILTER(RC_IN[WT],RC_IN[BLOCK]=O3,RC_IN[BLOCK LOC]=O2))/SUM(FILTER(RC_IN[WT],RC_IN[BLOCK]=O3,RC_IN[BLOCK LOC]=O2)),"""") "),0.5715036718156494) -> 0.57150367 | P5: =IFERROR(__xludf.DUMMYFUNCTION("IFERROR(SUMPRODUCT(FILTER(RC_IN[ASTM],RC_IN[BLOCK]=P3,RC_IN[BLOCK LOC]=P2),FILTER(RC_IN[WT],RC_IN[BLOCK]=P3,RC_IN[BLOCK LOC]=P2))/SUM(FILTER(RC_IN[WT],RC_IN[BLOCK]=P3,RC_IN[BLOCK LOC]=P2)),"""") "),0.5736095493406752) -> 0.57360955 | Q5: =IFERROR(__xludf.DUMMYFUNCTION("IFERROR(SUMPRODUCT(FILTER(RC_IN[ASTM],RC_IN[BLOCK]=Q3,RC_IN[BLOCK LOC]=Q2),FILTER(RC_IN[WT],RC_IN[BLOCK]=Q3,RC_IN[BLOCK LOC]=Q2))/SUM(FILTER(RC_IN[WT],RC_IN[BLOCK]=Q3,RC_IN[BLOCK LOC]=Q2)),"""") ")," ") | R5: =IFERROR(__xludf.DUMMYFUNCTION("IFERROR(SUMPRODUCT(FILTER(RC_IN[ASTM],RC_IN[BLOCK]=R3,RC_IN[BLOCK LOC]=R2),FILTER(RC_IN[WT],RC_IN[BLOCK]=R3,RC_IN[BLOCK LOC]=R2))/SUM(FILTER(RC_IN[WT],RC_IN[BLOCK]=R3,RC_IN[BLOCK LOC]=R2)),"""") "),0.5754747543575137) -> 0.57547475 | S5: =IFERROR(__xludf.DUMMYFUNCTION("IFERROR(SUMPRODUCT(FILTER(RC_IN[ASTM],RC_IN[BLOCK]=S3,RC_IN[BLOCK LOC]=S2),FILTER(RC_IN[WT],RC_IN[BLOCK]=S3,RC_IN[BLOCK LOC]=S2))/SUM(FILTER(RC_IN[WT],RC_IN[BLOCK]=S3,RC_IN[BLOCK LOC]=S2)),"""") "),0.5740059252196417) -> 0.57400593 | T5: =IFERROR(__xludf.DUMMYFUNCTION("IFERROR(SUMPRODUCT(FILTER(RC_IN[ASTM],RC_IN[BLOCK]=T3,RC_IN[BLOCK LOC]=T2),FILTER(RC_IN[WT],RC_IN[BLOCK]=T3,RC_IN[BLOCK LOC]=T2))/SUM(FILTER(RC_IN[WT],RC_IN[BLOCK]=T3,RC_IN[BLOCK LOC]=T2)),"""") "),0.5736047269763651) -> 0.57360473 | U5: =IFERROR(__xludf.DUMMYFUNCTION("IFERROR(SUMPRODUCT(FILTER(RC_IN[ASTM],RC_IN[BLOCK]=U3,RC_IN[BLOCK LOC]=U2),FILTER(RC_IN[WT],RC_IN[BLOCK]=U3,RC_IN[BLOCK LOC]=U2))/SUM(FILTER(RC_IN[WT],RC_IN[BLOCK]=U3,RC_IN[BLOCK LOC]=U2)),"""") "),0.5757271632913186) -> 0.57572716 | V5: =IFERROR(__xludf.DUMMYFUNCTION("IFERROR(SUMPRODUCT(FILTER(RC_IN[ASTM],RC_IN[BLOCK]=V3,RC_IN[BLOCK LOC]=V2),FILTER(RC_IN[WT],RC_IN[BLOCK]=V3,RC_IN[BLOCK LOC]=V2))/SUM(FILTER(RC_IN[WT],RC_IN[BLOCK]=V3,RC_IN[BLOCK LOC]=V2)),"""") "),0.5765278441850653) -> 0.57652784 | W5: =IFERROR(__xludf.DUMMYFUNCTION("IFERROR(SUMPRODUCT(FILTER(RC_IN[ASTM],RC_IN[BLOCK]=W3,RC_IN[BLOCK LOC]=W2),FILTER(RC_IN[WT],RC_IN[BLOCK]=W3,RC_IN[BLOCK LOC]=W2))/SUM(FILTER(RC_IN[WT],RC_IN[BLOCK]=W3,RC_IN[BLOCK LOC]=W2)),"""") ")," ") | X5: =IFERROR(__xludf.DUMMYFUNCTION("IFERROR(SUMPRODUCT(FILTER(RC_IN[ASTM],RC_IN[BLOCK]=X3,RC_IN[BLOCK LOC]=X2),FILTER(RC_IN[WT],RC_IN[BLOCK]=X3,RC_IN[BLOCK LOC]=X2))/SUM(FILTER(RC_IN[WT],RC_IN[BLOCK]=X3,RC_IN[BLOCK LOC]=X2)),"""") "),0.5748650041794371) -> 0.574865 | Y5: =IFERROR(__xludf.DUMMYFUNCTION("IFERROR(SUMPRODUCT(FILTER(RC_IN[ASTM],RC_IN[BLOCK]=Y3,RC_IN[BLOCK LOC]=Y2),FILTER(RC_IN[WT],RC_IN[BLOCK]=Y3,RC_IN[BLOCK LOC]=Y2))/SUM(FILTER(RC_IN[WT],RC_IN[BLOCK]=Y3,RC_IN[BLOCK LOC]=Y2)),"""") "),0.5745620289418149) -> 0.57456203 | Z5: =IFERROR(__xludf.DUMMYFUNCTION("IFERROR(SUMPRODUCT(FILTER(RC_IN[ASTM],RC_IN[BLOCK]=Z3,RC_IN[BLOCK LOC]=Z2),FILTER(RC_IN[WT],RC_IN[BLOCK]=Z3,RC_IN[BLOCK LOC]=Z2))/SUM(FILTER(RC_IN[WT],RC_IN[BLOCK]=Z3,RC_IN[BLOCK LOC]=Z2)),"""") "),0.575) -> 0.575 | AA5: =IFERROR(__xludf.DUMMYFUNCTION("IFERROR(SUMPRODUCT(FILTER(RC_IN[ASTM],RC_IN[BLOCK]=AA3,RC_IN[BLOCK LOC]=AA2),FILTER(RC_IN[WT],RC_IN[BLOCK]=AA3,RC_IN[BLOCK LOC]=AA2))/SUM(FILTER(RC_IN[WT],RC_IN[BLOCK]=AA3,RC_IN[BLOCK LOC]=AA2)),"""") "),0.5746329407862) -> 0.57463294 | AD5: BD | AE5: =IFERROR(__xludf.DUMMYFUNCTION("IFERROR(SUMPRODUCT(FILTER(RC_IN[ASTM],RC_IN[BLOCK]=AE3,RC_IN[BLOCK LOC]=AE2),FILTER(RC_IN[WT],RC_IN[BLOCK]=AE3,RC_IN[BLOCK LOC]=AE2))/SUM(FILTER(RC_IN[WT],RC_IN[BLOCK]=AE3,RC_IN[BLOCK LOC]=AE2)),"""") ")," ") | AF5: =IFERROR(__xludf.DUMMYFUNCTION("IFERROR(SUMPRODUCT(FILTER(RC_IN[ASTM],RC_IN[BLOCK]=AF3,RC_IN[BLOCK LOC]=AF2),FILTER(RC_IN[WT],RC_IN[BLOCK]=AF3,RC_IN[BLOCK LOC]=AF2))/SUM(FILTER(RC_IN[WT],RC_IN[BLOCK]=AF3,RC_IN[BLOCK LOC]=AF2)),"""") ")," ") | AG5: =IFERROR(__xludf.DUMMYFUNCTION("IFERROR(SUMPRODUCT(FILTER(RC_IN[ASTM],RC_IN[BLOCK]=AG3,RC_IN[BLOCK LOC]=AG2),FILTER(RC_IN[WT],RC_IN[BLOCK]=AG3,RC_IN[BLOCK LOC]=AG2))/SUM(FILTER(RC_IN[WT],RC_IN[BLOCK]=AG3,RC_IN[BLOCK LOC]=AG2)),"""") ")," ")
A6: =sum(A4:A5) -> 10293.922 | G6: ASH | H6: =IFERROR(__xludf.DUMMYFUNCTION("IFERROR(SUMPRODUCT(FILTER(RC_IN[ASH],RC_IN[BLOCK]=H3,RC_IN[BLOCK LOC]=H2),FILTER(RC_IN[WT],RC_IN[BLOCK]=H3,RC_IN[BLOCK LOC]=H2))/SUM(FILTER(RC_IN[WT],RC_IN[BLOCK]=H3,RC_IN[BLOCK LOC]=H2)),"""") "),3.0958246687054025) -> 3.0958247 | I6: =IFERROR(__xludf.DUMMYFUNCTION("IFERROR(SUMPRODUCT(FILTER(RC_IN[ASH],RC_IN[BLOCK]=I3,RC_IN[BLOCK LOC]=I2),FILTER(RC_IN[WT],RC_IN[BLOCK]=I3,RC_IN[BLOCK LOC]=I2))/SUM(FILTER(RC_IN[WT],RC_IN[BLOCK]=I3,RC_IN[BLOCK LOC]=I2)),"""") "),3.4638445694367426) -> 3.4638446 | J6: =IFERROR(__xludf.DUMMYFUNCTION("IFERROR(SUMPRODUCT(FILTER(RC_IN[ASH],RC_IN[BLOCK]=J3,RC_IN[BLOCK LOC]=J2),FILTER(RC_IN[WT],RC_IN[BLOCK]=J3,RC_IN[BLOCK LOC]=J2))/SUM(FILTER(RC_IN[WT],RC_IN[BLOCK]=J3,RC_IN[BLOCK LOC]=J2)),"""") "),3.725118238651808) -> 3.7251182 | K6: =IFERROR(__xludf.DUMMYFUNCTION("IFERROR(SUMPRODUCT(FILTER(RC_IN[ASH],RC_IN[BLOCK]=K3,RC_IN[BLOCK LOC]=K2),FILTER(RC_IN[WT],RC_IN[BLOCK]=K3,RC_IN[BLOCK LOC]=K2))/SUM(FILTER(RC_IN[WT],RC_IN[BLOCK]=K3,RC_IN[BLOCK LOC]=K2)),"""") "),3.1888496749369777) -> 3.1888497 | L6: =IFERROR(__xludf.DUMMYFUNCTION("IFERROR(SUMPRODUCT(FILTER(RC_IN[ASH],RC_IN[BLOCK]=L3,RC_IN[BLOCK LOC]=L2),FILTER(RC_IN[WT],RC_IN[BLOCK]=L3,RC_IN[BLOCK LOC]=L2))/SUM(FILTER(RC_IN[WT],RC_IN[BLOCK]=L3,RC_IN[BLOCK LOC]=L2)),"""") "),3.1420141342756183) -> 3.1420141 | M6: =IFERROR(__xludf.DUMMYFUNCTION("IFERROR(SUMPRODUCT(FILTER(RC_IN[ASH],RC_IN[BLOCK]=M3,RC_IN[BLOCK LOC]=M2),FILTER(RC_IN[WT],RC_IN[BLOCK]=M3,RC_IN[BLOCK LOC]=M2))/SUM(FILTER(RC_IN[WT],RC_IN[BLOCK]=M3,RC_IN[BLOCK LOC]=M2)),"""") "),3.2542046783625733) -> 3.2542047 | N6: =IFERROR(__xludf.DUMMYFUNCTION("IFERROR(SUMPRODUCT(FILTER(RC_IN[ASH],RC_IN[BLOCK]=N3,RC_IN[BLOCK LOC]=N2),FILTER(RC_IN[WT],RC_IN[BLOCK]=N3,RC_IN[BLOCK LOC]=N2))/SUM(FILTER(RC_IN[WT],RC_IN[BLOCK]=N3,RC_IN[BLOCK LOC]=N2)),"""") "),3.469668527936836) -> 3.4696685 | O6: =IFERROR(__xludf.DUMMYFUNCTION("IFERROR(SUMPRODUCT(FILTER(RC_IN[ASH],RC_IN[BLOCK]=O3,RC_IN[BLOCK LOC]=O2),FILTER(RC_IN[WT],RC_IN[BLOCK]=O3,RC_IN[BLOCK LOC]=O2))/SUM(FILTER(RC_IN[WT],RC_IN[BLOCK]=O3,RC_IN[BLOCK LOC]=O2)),"""") "),3.0674322613319824) -> 3.0674323 | P6: =IFERROR(__xludf.DUMMYFUNCTION("IFERROR(SUMPRODUCT(FILTER(RC_IN[ASH],RC_IN[BLOCK]=P3,RC_IN[BLOCK LOC]=P2),FILTER(RC_IN[WT],RC_IN[BLOCK]=P3,RC_IN[BLOCK LOC]=P2))/SUM(FILTER(RC_IN[WT],RC_IN[BLOCK]=P3,RC_IN[BLOCK LOC]=P2)),"""") "),3.5674221127372845) -> 3.5674221 | Q6: =IFERROR(__xludf.DUMMYFUNCTION("IFERROR(SUMPRODUCT(FILTER(RC_IN[ASH],RC_IN[BLOCK]=Q3,RC_IN[BLOCK LOC]=Q2),FILTER(RC_IN[WT],RC_IN[BLOCK]=Q3,RC_IN[BLOCK LOC]=Q2))/SUM(FILTER(RC_IN[WT],RC_IN[BLOCK]=Q3,RC_IN[BLOCK LOC]=Q2)),"""") ")," ") | R6: =IFERROR(__xludf.DUMMYFUNCTION("IFERROR(SUMPRODUCT(FILTER(RC_IN[ASH],RC_IN[BLOCK]=R3,RC_IN[BLOCK LOC]=R2),FILTER(RC_IN[WT],RC_IN[BLOCK]=R3,RC_IN[BLOCK LOC]=R2))/SUM(FILTER(RC_IN[WT],RC_IN[BLOCK]=R3,RC_IN[BLOCK LOC]=R2)),"""") "),3.4031038853077855) -> 3.4031039 | S6: =IFERROR(__xludf.DUMMYFUNCTION("IFERROR(SUMPRODUCT(FILTER(RC_IN[ASH],RC_IN[BLOCK]=S3,RC_IN[BLOCK LOC]=S2),FILTER(RC_IN[WT],RC_IN[BLOCK]=S3,RC_IN[BLOCK LOC]=S2))/SUM(FILTER(RC_IN[WT],RC_IN[BLOCK]=S3,RC_IN[BLOCK LOC]=S2)),"""") "),2.0514070693999864) -> 2.0514071 | T6: =IFERROR(__xludf.DUMMYFUNCTION("IFERROR(SUMPRODUCT(FILTER(RC_IN[ASH],RC_IN[BLOCK]=T3,RC_IN[BLOCK LOC]=T2),FILTER(RC_IN[WT],RC_IN[BLOCK]=T3,RC_IN[BLOCK LOC]=T2))/SUM(FILTER(RC_IN[WT],RC_IN[BLOCK]=T3,RC_IN[BLOCK LOC]=T2)),"""") "),2.5430489903106044) -> 2.543049 | U6: =IFERROR(__xludf.DUMMYFUNCTION("IFERROR(SUMPRODUCT(FILTER(RC_IN[ASH],RC_IN[BLOCK]=U3,RC_IN[BLOCK LOC]=U2),FILTER(RC_IN[WT],RC_IN[BLOCK]=U3,RC_IN[BLOCK LOC]=U2))/SUM(FILTER(RC_IN[WT],RC_IN[BLOCK]=U3,RC_IN[BLOCK LOC]=U2)),"""") "),2.6870365387338904) -> 2.6870365 | V6: =IFERROR(__xludf.DUMMYFUNCTION("IFERROR(SUMPRODUCT(FILTER(RC_IN[ASH],RC_IN[BLOCK]=V3,RC_IN[BLOCK LOC]=V2),FILTER(RC_IN[WT],RC_IN[BLOCK]=V3,RC_IN[BLOCK LOC]=V2))/SUM(FILTER(RC_IN[WT],RC_IN[BLOCK]=V3,RC_IN[BLOCK LOC]=V2)),"""") "),2.6077330895795248) -> 2.6077331 | W6: =IFERROR(__xludf.DUMMYFUNCTION("IFERROR(SUMPRODUCT(FILTER(RC_IN[ASH],RC_IN[BLOCK]=W3,RC_IN[BLOCK LOC]=W2),FILTER(RC_IN[WT],RC_IN[BLOCK]=W3,RC_IN[BLOCK LOC]=W2))/SUM(FILTER(RC_IN[WT],RC_IN[BLOCK]=W3,RC_IN[BLOCK LOC]=W2)),"""") ")," ") | X6: =IFERROR(__xludf.DUMMYFUNCTION("IFERROR(SUMPRODUCT(FILTER(RC_IN[ASH],RC_IN[BLOCK]=X3,RC_IN[BLOCK LOC]=X2),FILTER(RC_IN[WT],RC_IN[BLOCK]=X3,RC_IN[BLOCK LOC]=X2))/SUM(FILTER(RC_IN[WT],RC_IN[BLOCK]=X3,RC_IN[BLOCK LOC]=X2)),"""") "),3.4152772359988854) -> 3.4152772 | Y6: =IFERROR(__xludf.DUMMYFUNCTION("IFERROR(SUMPRODUCT(FILTER(RC_IN[ASH],RC_IN[BLOCK]=Y3,RC_IN[BLOCK LOC]=Y2),FILTER(RC_IN[WT],RC_IN[BLOCK]=Y3,RC_IN[BLOCK LOC]=Y2))/SUM(FILTER(RC_IN[WT],RC_IN[BLOCK]=Y3,RC_IN[BLOCK LOC]=Y2)),"""") "),3.2884684956285803) -> 3.2884685 | Z6: =IFERROR(__xludf.DUMMYFUNCTION("IFERROR(SUMPRODUCT(FILTER(RC_IN[ASH],RC_IN[BLOCK]=Z3,RC_IN[BLOCK LOC]=Z2),FILTER(RC_IN[WT],RC_IN[BLOCK]=Z3,RC_IN[BLOCK LOC]=Z2))/SUM(FILTER(RC_IN[WT],RC_IN[BLOCK]=Z3,RC_IN[BLOCK LOC]=Z2)),"""") "),3.3988768690139874) -> 3.3988769 | AA6: =IFERROR(__xludf.DUMMYFUNCTION("IFERROR(SUMPRODUCT(FILTER(RC_IN[ASH],RC_IN[BLOCK]=AA3,RC_IN[BLOCK LOC]=AA2),FILTER(RC_IN[WT],RC_IN[BLOCK]=AA3,RC_IN[BLOCK LOC]=AA2))/SUM(FILTER(RC_IN[WT],RC_IN[BLOCK]=AA3,RC_IN[BLOCK LOC]=AA2)),"""") "),3.228454138331398) -> 3.2284541 | AD6: ASH | AE6: =IFERROR(__xludf.DUMMYFUNCTION("IFERROR(SUMPRODUCT(FILTER(RC_IN[ASH],RC_IN[BLOCK]=AE3,RC_IN[BLOCK LOC]=AE2),FILTER(RC_IN[WT],RC_IN[BLOCK]=AE3,RC_IN[BLOCK LOC]=AE2))/SUM(FILTER(RC_IN[WT],RC_IN[BLOCK]=AE3,RC_IN[BLOCK LOC]=AE2)),"""") ")," ") | AF6: =IFERROR(__xludf.DUMMYFUNCTION("IFERROR(SUMPRODUCT(FILTER(RC_IN[ASH],RC_IN[BLOCK]=AF3,RC_IN[BLOCK LOC]=AF2),FILTER(RC_IN[WT],RC_IN[BLOCK]=AF3,RC_IN[BLOCK LOC]=AF2))/SUM(FILTER(RC_IN[WT],RC_IN[BLOCK]=AF3,RC_IN[BLOCK LOC]=AF2)),"""") ")," ") | AG6: =IFERROR(__xludf.DUMMYFUNCTION("IFERROR(SUMPRODUCT(FILTER(RC_IN[ASH],RC_IN[BLOCK]=AG3,RC_IN[BLOCK LOC]=AG2),FILTER(RC_IN[WT],RC_IN[BLOCK]=AG3,RC_IN[BLOCK LOC]=AG2))/SUM(FILTER(RC_IN[WT],RC_IN[BLOCK]=AG3,RC_IN[BLOCK LOC]=AG2)),"""") ")," ")
G7: MC | H7: =IFERROR(__xludf.DUMMYFUNCTION("IFERROR(SUMPRODUCT(FILTER(RC_IN[MC],RC_IN[BLOCK]=H3,RC_IN[BLOCK LOC]=H2),FILTER(RC_IN[WT],RC_IN[BLOCK]=H3,RC_IN[BLOCK LOC]=H2)) / SUM(FILTER(RC_IN[WT],RC_IN[BLOCK]=H3,RC_IN[BLOCK LOC]=H2)),"""") "),11.482941216445804) -> 11.482941 | I7: =IFERROR(__xludf.DUMMYFUNCTION("IFERROR(SUMPRODUCT(FILTER(RC_IN[MC],RC_IN[BLOCK]=I3,RC_IN[BLOCK LOC]=I2),FILTER(RC_IN[WT],RC_IN[BLOCK]=I3,RC_IN[BLOCK LOC]=I2)) / SUM(FILTER(RC_IN[WT],RC_IN[BLOCK]=I3,RC_IN[BLOCK LOC]=I2)),"""") "),11.467759645092292) -> 11.46776 | J7: =IFERROR(__xludf.DUMMYFUNCTION("IFERROR(SUMPRODUCT(FILTER(RC_IN[MC],RC_IN[BLOCK]=J3,RC_IN[BLOCK LOC]=J2),FILTER(RC_IN[WT],RC_IN[BLOCK]=J3,RC_IN[BLOCK LOC]=J2)) / SUM(FILTER(RC_IN[WT],RC_IN[BLOCK]=J3,RC_IN[BLOCK LOC]=J2)),"""") "),11.53014406088611) -> 11.530144 | K7: =IFERROR(__xludf.DUMMYFUNCTION("IFERROR(SUMPRODUCT(FILTER(RC_IN[MC],RC_IN[BLOCK]=K3,RC_IN[BLOCK LOC]=K2),FILTER(RC_IN[WT],RC_IN[BLOCK]=K3,RC_IN[BLOCK LOC]=K2)) / SUM(FILTER(RC_IN[WT],RC_IN[BLOCK]=K3,RC_IN[BLOCK LOC]=K2)),"""") "),11.65735969218522) -> 11.65736 | L7: =IFERROR(__xludf.DUMMYFUNCTION("IFERROR(SUMPRODUCT(FILTER(RC_IN[MC],RC_IN[BLOCK]=L3,RC_IN[BLOCK LOC]=L2),FILTER(RC_IN[WT],RC_IN[BLOCK]=L3,RC_IN[BLOCK LOC]=L2)) / SUM(FILTER(RC_IN[WT],RC_IN[BLOCK]=L3,RC_IN[BLOCK LOC]=L2)),"""") "),11.683928261884125) -> 11.683928 | M7: =IFERROR(__xludf.DUMMYFUNCTION("IFERROR(SUMPRODUCT(FILTER(RC_IN[MC],RC_IN[BLOCK]=M3,RC_IN[BLOCK LOC]=M2),FILTER(RC_IN[WT],RC_IN[BLOCK]=M3,RC_IN[BLOCK LOC]=M2)) / SUM(FILTER(RC_IN[WT],RC_IN[BLOCK]=M3,RC_IN[BLOCK LOC]=M2)),"""") "),9.941983291562238) -> 9.9419833 | N7: =IFERROR(__xludf.DUMMYFUNCTION("IFERROR(SUMPRODUCT(FILTER(RC_IN[MC],RC_IN[BLOCK]=N3,RC_IN[BLOCK LOC]=N2),FILTER(RC_IN[WT],RC_IN[BLOCK]=N3,RC_IN[BLOCK LOC]=N2)) / SUM(FILTER(RC_IN[WT],RC_IN[BLOCK]=N3,RC_IN[BLOCK LOC]=N2)),"""") "),11.452809688089058) -> 11.45281 | O7: =IFERROR(__xludf.DUMMYFUNCTION("IFERROR(SUMPRODUCT(FILTER(RC_IN[MC],RC_IN[BLOCK]=O3,RC_IN[BLOCK LOC]=O2),FILTER(RC_IN[WT],RC_IN[BLOCK]=O3,RC_IN[BLOCK LOC]=O2)) / SUM(FILTER(RC_IN[WT],RC_IN[BLOCK]=O3,RC_IN[BLOCK LOC]=O2)),"""") "),10.231458597113193) -> 10.231459 | P7: =IFERROR(__xludf.DUMMYFUNCTION("IFERROR(SUMPRODUCT(FILTER(RC_IN[MC],RC_IN[BLOCK]=P3,RC_IN[BLOCK LOC]=P2),FILTER(RC_IN[WT],RC_IN[BLOCK]=P3,RC_IN[BLOCK LOC]=P2)) / SUM(FILTER(RC_IN[WT],RC_IN[BLOCK]=P3,RC_IN[BLOCK LOC]=P2)),"""") "),9.493826257064192) -> 9.4938263 | Q7: =IFERROR(__xludf.DUMMYFUNCTION("IFERROR(SUMPRODUCT(FILTER(RC_IN[MC],RC_IN[BLOCK]=Q3,RC_IN[BLOCK LOC]=Q2),FILTER(RC_IN[WT],RC_IN[BLOCK]=Q3,RC_IN[BLOCK LOC]=Q2)) / SUM(FILTER(RC_IN[WT],RC_IN[BLOCK]=Q3,RC_IN[BLOCK LOC]=Q2)),"""") "),"") | R7: =IFERROR(__xludf.DUMMYFUNCTION("IFERROR(SUMPRODUCT(FILTER(RC_IN[MC],RC_IN[BLOCK]=R3,RC_IN[BLOCK LOC]=R2),FILTER(RC_IN[WT],RC_IN[BLOCK]=R3,RC_IN[BLOCK LOC]=R2)) / SUM(FILTER(RC_IN[WT],RC_IN[BLOCK]=R3,RC_IN[BLOCK LOC]=R2)),"""") "),12.239473827661866) -> 12.239474 | S7: =IFERROR(__xludf.DUMMYFUNCTION("IFERROR(SUMPRODUCT(FILTER(RC_IN[MC],RC_IN[BLOCK]=S3,RC_IN[BLOCK LOC]=S2),FILTER(RC_IN[WT],RC_IN[BLOCK]=S3,RC_IN[BLOCK LOC]=S2)) / SUM(FILTER(RC_IN[WT],RC_IN[BLOCK]=S3,RC_IN[BLOCK LOC]=S2)),"""") "),11.57316216032146) -> 11.573162 | T7: =IFERROR(__xludf.DUMMYFUNCTION("IFERROR(SUMPRODUCT(FILTER(RC_IN[MC],RC_IN[BLOCK]=T3,RC_IN[BLOCK LOC]=T2),FILTER(RC_IN[WT],RC_IN[BLOCK]=T3,RC_IN[BLOCK LOC]=T2)) / SUM(FILTER(RC_IN[WT],RC_IN[BLOCK]=T3,RC_IN[BLOCK LOC]=T2)),"""") "),11.724493344199944) -> 11.724493 | U7: =IFERROR(__xludf.DUMMYFUNCTION("IFERROR(SUMPRODUCT(FILTER(RC_IN[MC],RC_IN[BLOCK]=U3,RC_IN[BLOCK LOC]=U2),FILTER(RC_IN[WT],RC_IN[BLOCK]=U3,RC_IN[BLOCK LOC]=U2)) / SUM(FILTER(RC_IN[WT],RC_IN[BLOCK]=U3,RC_IN[BLOCK LOC]=U2)),"""") "),11.216190341311428) -> 11.21619 | V7: =IFERROR(__xludf.DUMMYFUNCTION("IFERROR(SUMPRODUCT(FILTER(RC_IN[MC],RC_IN[BLOCK]=V3,RC_IN[BLOCK LOC]=V2),FILTER(RC_IN[WT],RC_IN[BLOCK]=V3,RC_IN[BLOCK LOC]=V2)) / SUM(FILTER(RC_IN[WT],RC_IN[BLOCK]=V3,RC_IN[BLOCK LOC]=V2)),"""") "),11.02812403318802) -> 11.028124 | W7: =IFERROR(__xludf.DUMMYFUNCTION("IFERROR(SUMPRODUCT(FILTER(RC_IN[MC],RC_IN[BLOCK]=W3,RC_IN[BLOCK LOC]=W2),FILTER(RC_IN[WT],RC_IN[BLOCK]=W3,RC_IN[BLOCK LOC]=W2)) / SUM(FILTER(RC_IN[WT],RC_IN[BLOCK]=W3,RC_IN[BLOCK LOC]=W2)),"""") "),"") | X7: =IFERROR(__xludf.DUMMYFUNCTION("IFERROR(SUMPRODUCT(FILTER(RC_IN[MC],RC_IN[BLOCK]=X3,RC_IN[BLOCK LOC]=X2),FILTER(RC_IN[WT],RC_IN[BLOCK]=X3,RC_IN[BLOCK LOC]=X2)) / SUM(FILTER(RC_IN[WT],RC_IN[BLOCK]=X3,RC_IN[BLOCK LOC]=X2)),"""") "),11.517327946503203) -> 11.517328 | Y7: =IFERROR(__xludf.DUMMYFUNCTION("IFERROR(SUMPRODUCT(FILTER(RC_IN[MC],RC_IN[BLOCK]=Y3,RC_IN[BLOCK LOC]=Y2),FILTER(RC_IN[WT],RC_IN[BLOCK]=Y3,RC_IN[BLOCK LOC]=Y2)) / SUM(FILTER(RC_IN[WT],RC_IN[BLOCK]=Y3,RC_IN[BLOCK LOC]=Y2)),"""") "),11.164036780223093) -> 11.164037 | Z7: =IFERROR(__xludf.DUMMYFUNCTION("IFERROR(SUMPRODUCT(FILTER(RC_IN[MC],RC_IN[BLOCK]=Z3,RC_IN[BLOCK LOC]=Z2),FILTER(RC_IN[WT],RC_IN[BLOCK]=Z3,RC_IN[BLOCK LOC]=Z2)) / SUM(FILTER(RC_IN[WT],RC_IN[BLOCK]=Z3,RC_IN[BLOCK LOC]=Z2)),"""") "),11.353144077723421) -> 11.353144 | AA7: =IFERROR(__xludf.DUMMYFUNCTION("IFERROR(SUMPRODUCT(FILTER(RC_IN[MC],RC_IN[BLOCK]=AA3,RC_IN[BLOCK LOC]=AA2),FILTER(RC_IN[WT],RC_IN[BLOCK]=AA3,RC_IN[BLOCK LOC]=AA2)) / SUM(FILTER(RC_IN[WT],RC_IN[BLOCK]=AA3,RC_IN[BLOCK LOC]=AA2)),"""") "),11.39740918892022) -> 11.397409 | AD7: MC | AE7: =IFERROR(__xludf.DUMMYFUNCTION("IFERROR(SUMPRODUCT(FILTER(RC_IN[MC],RC_IN[BLOCK]=AE3,RC_IN[BLOCK LOC]=AE2),FILTER(RC_IN[WT],RC_IN[BLOCK]=AE3,RC_IN[BLOCK LOC]=AE2)) / SUM(FILTER(RC_IN[WT],RC_IN[BLOCK]=AE3,RC_IN[BLOCK LOC]=AE2)),"""") "),"") | AF7: =IFERROR(__xludf.DUMMYFUNCTION("IFERROR(SUMPRODUCT(FILTER(RC_IN[MC],RC_IN[BLOCK]=AF3,RC_IN[BLOCK LOC]=AF2),FILTER(RC_IN[WT],RC_IN[BLOCK]=AF3,RC_IN[BLOCK LOC]=AF2)) / SUM(FILTER(RC_IN[WT],RC_IN[BLOCK]=AF3,RC_IN[BLOCK LOC]=AF2)),"""") "),"") | AG7: =IFERROR(__xludf.DUMMYFUNCTION("IFERROR(SUMPRODUCT(FILTER(RC_IN[MC],RC_IN[BLOCK]=AG3,RC_IN[BLOCK LOC]=AG2),FILTER(RC_IN[WT],RC_IN[BLOCK]=AG3,RC_IN[BLOCK LOC]=AG2)) / SUM(FILTER(RC_IN[WT],RC_IN[BLOCK]=AG3,RC_IN[BLOCK LOC]=AG2)),"""") "),"")
D8: =D2 -> A | G8: B | H8: =CONCATENATE($D8,"-",H$1,$G8) -> A-1B | I8: =CONCATENATE($D8,"-",I$1,$G8) -> A-2B | J8: =CONCATENATE($D8,"-",J$1,$G8) -> A-3B | K8: =CONCATENATE($D8,"-",K$1,$G8) -> A-4B | L8: =CONCATENATE($D8,"-",L$1,$G8) -> A-5B | M8: =CONCATENATE($D8,"-",M$1,$G8) -> A-6B | N8: =CONCATENATE($D8,"-",N$1,$G8) -> A-7B | O8: =CONCATENATE($D8,"-",O$1,$G8) -> A-8B | ... AA8: =CONCATENATE($D8,"-",AA$1,$G8) -> A-20B | AC8: PCA | AD8: B | AE8: =CONCATENATE($AC8,"-",AE$1,$AD8) -> PCA-15B | AF8: =CONCATENATE($AC8,"-",AF$1,$AD8) -> PCA-16B | AG8: =CONCATENATE($AC8,"-",AG$1,$AD8) -> PCA-17B
F9: =IF(COUNTIF(G9:Z9,"ERROR")=0,"CLEAR",COUNTIF(G9:Z9,"ERROR")&" ERRORS") -> CLEAR | G9: BLOCK | H9: =IFERROR(__xludf.DUMMYFUNCTION("IFERROR(IF(COUNTA(UNIQUE(FILTER(RC_IN[BLOCK],RC_IN[BLOCK LOC]=H8,RC_IN[STATE]<>""CLOSED"")))>1,""ERROR"",INDEX(UNIQUE(FILTER(RC_IN[BLOCK],RC_IN[BLOCK LOC]=H8,RC_IN[STATE]<>""CLOSED"")),1)),"""") "),"FEB-26-BLK8") -> FEB-26-BLK8 | I9: =IFERROR(__xludf.DUMMYFUNCTION("IFERROR(IF(COUNTA(UNIQUE(FILTER(RC_IN[BLOCK],RC_IN[BLOCK LOC]=I8,RC_IN[STATE]<>""CLOSED"")))>1,""ERROR"",INDEX(UNIQUE(FILTER(RC_IN[BLOCK],RC_IN[BLOCK LOC]=I8,RC_IN[STATE]<>""CLOSED"")),1)),"""") "),"FEB-26-BLK16") -> FEB-26-BLK16 | J9: =IFERROR(__xludf.DUMMYFUNCTION("IFERROR(IF(COUNTA(UNIQUE(FILTER(RC_IN[BLOCK],RC_IN[BLOCK LOC]=J8,RC_IN[STATE]<>""CLOSED"")))>1,""ERROR"",INDEX(UNIQUE(FILTER(RC_IN[BLOCK],RC_IN[BLOCK LOC]=J8,RC_IN[STATE]<>""CLOSED"")),1)),"""") "),"MARCH-26-BLK10") -> MARCH-26-BLK10 | K9: =IFERROR(__xludf.DUMMYFUNCTION("IFERROR(IF(COUNTA(UNIQUE(FILTER(RC_IN[BLOCK],RC_IN[BLOCK LOC]=K8,RC_IN[STATE]<>""CLOSED"")))>1,""ERROR"",INDEX(UNIQUE(FILTER(RC_IN[BLOCK],RC_IN[BLOCK LOC]=K8,RC_IN[STATE]<>""CLOSED"")),1)),"""") "),"MARCH-26-BLK24") -> MARCH-26-BLK24 | L9: =IFERROR(__xludf.DUMMYFUNCTION("IFERROR(IF(COUNTA(UNIQUE(FILTER(RC_IN[BLOCK],RC_IN[BLOCK LOC]=L8,RC_IN[STATE]<>""CLOSED"")))>1,""ERROR"",INDEX(UNIQUE(FILTER(RC_IN[BLOCK],RC_IN[BLOCK LOC]=L8,RC_IN[STATE]<>""CLOSED"")),1)),"""") "),"MARCH-26-BLK26") -> MARCH-26-BLK26 | M9: =IFERROR(__xludf.DUMMYFUNCTION("IFERROR(IF(COUNTA(UNIQUE(FILTER(RC_IN[BLOCK],RC_IN[BLOCK LOC]=M8,RC_IN[STATE]<>""CLOSED"")))>1,""ERROR"",INDEX(UNIQUE(FILTER(RC_IN[BLOCK],RC_IN[BLOCK LOC]=M8,RC_IN[STATE]<>""CLOSED"")),1)),"""") "),"FEB-26-BLK9") -> FEB-26-BLK9 | N9: =IFERROR(__xludf.DUMMYFUNCTION("IFERROR(IF(COUNTA(UNIQUE(FILTER(RC_IN[BLOCK],RC_IN[BLOCK LOC]=N8,RC_IN[STATE]<>""CLOSED"")))>1,""ERROR"",INDEX(UNIQUE(FILTER(RC_IN[BLOCK],RC_IN[BLOCK LOC]=N8,RC_IN[STATE]<>""CLOSED"")),1)),"""") "),"FEB-26-BLK1") -> FEB-26-BLK1 | O9: =IFERROR(__xludf.DUMMYFUNCTION("IFERROR(IF(COUNTA(UNIQUE(FILTER(RC_IN[BLOCK],RC_IN[BLOCK LOC]=O8,RC_IN[STATE]<>""CLOSED"")))>1,""ERROR"",INDEX(UNIQUE(FILTER(RC_IN[BLOCK],RC_IN[BLOCK LOC]=O8,RC_IN[STATE]<>""CLOSED"")),1)),"""") "),"JAN-26-BLK18") -> JAN-26-BLK18 | P9: =IFERROR(__xludf.DUMMYFUNCTION("IFERROR(IF(COUNTA(UNIQUE(FILTER(RC_IN[BLOCK],RC_IN[BLOCK LOC]=P8,RC_IN[STATE]<>""CLOSED"")))>1,""ERROR"",INDEX(UNIQUE(FILTER(RC_IN[BLOCK],RC_IN[BLOCK LOC]=P8,RC_IN[STATE]<>""CLOSED"")),1)),"""") "),"JAN-26-BLK3") -> JAN-26-BLK3 | Q9: =IFERROR(__xludf.DUMMYFUNCTION("IFERROR(IF(COUNTA(UNIQUE(FILTER(RC_IN[BLOCK],RC_IN[BLOCK LOC]=Q8,RC_IN[STATE]<>""CLOSED"")))>1,""ERROR"",INDEX(UNIQUE(FILTER(RC_IN[BLOCK],RC_IN[BLOCK LOC]=Q8,RC_IN[STATE]<>""CLOSED"")),1)),"""") "),"") | R9: =IFERROR(__xludf.DUMMYFUNCTION("IFERROR(IF(COUNTA(UNIQUE(FILTER(RC_IN[BLOCK],RC_IN[BLOCK LOC]=R8,RC_IN[STATE]<>""CLOSED"")))>1,""ERROR"",INDEX(UNIQUE(FILTER(RC_IN[BLOCK],RC_IN[BLOCK LOC]=R8,RC_IN[STATE]<>""CLOSED"")),1)),"""") "),"") | S9: =IFERROR(__xludf.DUMMYFUNCTION("IFERROR(IF(COUNTA(UNIQUE(FILTER(RC_IN[BLOCK],RC_IN[BLOCK LOC]=S8,RC_IN[STATE]<>""CLOSED"")))>1,""ERROR"",INDEX(UNIQUE(FILTER(RC_IN[BLOCK],RC_IN[BLOCK LOC]=S8,RC_IN[STATE]<>""CLOSED"")),1)),"""") "),"DEC-24-BLK1") -> DEC-24-BLK1 | T9: =IFERROR(__xludf.DUMMYFUNCTION("IFERROR(IF(COUNTA(UNIQUE(FILTER(RC_IN[BLOCK],RC_IN[BLOCK LOC]=T8,RC_IN[STATE]<>""CLOSED"")))>1,""ERROR"",INDEX(UNIQUE(FILTER(RC_IN[BLOCK],RC_IN[BLOCK LOC]=T8,RC_IN[STATE]<>""CLOSED"")),1)),"""") "),"NOV-24-BLK1") -> NOV-24-BLK1 | U9: =IFERROR(__xludf.DUMMYFUNCTION("IFERROR(IF(COUNTA(UNIQUE(FILTER(RC_IN[BLOCK],RC_IN[BLOCK LOC]=U8,RC_IN[STATE]<>""CLOSED"")))>1,""ERROR"",INDEX(UNIQUE(FILTER(RC_IN[BLOCK],RC_IN[BLOCK LOC]=U8,RC_IN[STATE]<>""CLOSED"")),1)),"""") "),"SEPT-24-BLK1") -> SEPT-24-BLK1 | V9: =IFERROR(__xludf.DUMMYFUNCTION("IFERROR(IF(COUNTA(UNIQUE(FILTER(RC_IN[BLOCK],RC_IN[BLOCK LOC]=V8,RC_IN[STATE]<>""CLOSED"")))>1,""ERROR"",INDEX(UNIQUE(FILTER(RC_IN[BLOCK],RC_IN[BLOCK LOC]=V8,RC_IN[STATE]<>""CLOSED"")),1)),"""") "),"SEPT-24-BLK4") -> SEPT-24-BLK4 | W9: =IFERROR(__xludf.DUMMYFUNCTION("IFERROR(IF(COUNTA(UNIQUE(FILTER(RC_IN[BLOCK],RC_IN[BLOCK LOC]=W8,RC_IN[STATE]<>""CLOSED"")))>1,""ERROR"",INDEX(UNIQUE(FILTER(RC_IN[BLOCK],RC_IN[BLOCK LOC]=W8,RC_IN[STATE]<>""CLOSED"")),1)),"""") "),"") | X9: =IFERROR(__xludf.DUMMYFUNCTION("IFERROR(IF(COUNTA(UNIQUE(FILTER(RC_IN[BLOCK],RC_IN[BLOCK LOC]=X8,RC_IN[STATE]<>""CLOSED"")))>1,""ERROR"",INDEX(UNIQUE(FILTER(RC_IN[BLOCK],RC_IN[BLOCK LOC]=X8,RC_IN[STATE]<>""CLOSED"")),1)),"""") "),"JUNE-26-BLK2") -> JUNE-26-BLK2 | Y9: =IFERROR(__xludf.DUMMYFUNCTION("IFERROR(IF(COUNTA(UNIQUE(FILTER(RC_IN[BLOCK],RC_IN[BLOCK LOC]=Y8,RC_IN[STATE]<>""CLOSED"")))>1,""ERROR"",INDEX(UNIQUE(FILTER(RC_IN[BLOCK],RC_IN[BLOCK LOC]=Y8,RC_IN[STATE]<>""CLOSED"")),1)),"""") "),"MAY-26-BLK12") -> MAY-26-BLK12 | Z9: =IFERROR(__xludf.DUMMYFUNCTION("IFERROR(IF(COUNTA(UNIQUE(FILTER(RC_IN[BLOCK],RC_IN[BLOCK LOC]=Z8,RC_IN[STATE]<>""CLOSED"")))>1,""ERROR"",INDEX(UNIQUE(FILTER(RC_IN[BLOCK],RC_IN[BLOCK LOC]=Z8,RC_IN[STATE]<>""CLOSED"")),1)),"""") "),"MAY-26-BLK6") -> MAY-26-BLK6 | AA9: =IFERROR(__xludf.DUMMYFUNCTION("IFERROR(IF(COUNTA(UNIQUE(FILTER(RC_IN[BLOCK],RC_IN[BLOCK LOC]=AA8,RC_IN[STATE]<>""CLOSED"")))>1,""ERROR"",INDEX(UNIQUE(FILTER(RC_IN[BLOCK],RC_IN[BLOCK LOC]=AA8,RC_IN[STATE]<>""CLOSED"")),1)),"""") "),"MAY-26-BLK2") -> MAY-26-BLK2 | AD9: BLOCK | AE9: =IFERROR(__xludf.DUMMYFUNCTION("IFERROR(IF(COUNTA(UNIQUE(FILTER(RC_IN[BLOCK],RC_IN[BLOCK LOC]=AE8,RC_IN[STATE]<>""CLOSED"")))>1,""ERROR"",INDEX(UNIQUE(FILTER(RC_IN[BLOCK],RC_IN[BLOCK LOC]=AE8,RC_IN[STATE]<>""CLOSED"")),1)),"""") "),"") | AF9: =IFERROR(__xludf.DUMMYFUNCTION("IFERROR(IF(COUNTA(UNIQUE(FILTER(RC_IN[BLOCK],RC_IN[BLOCK LOC]=AF8,RC_IN[STATE]<>""CLOSED"")))>1,""ERROR"",INDEX(UNIQUE(FILTER(RC_IN[BLOCK],RC_IN[BLOCK LOC]=AF8,RC_IN[STATE]<>""CLOSED"")),1)),"""") "),"") | AG9: =IFERROR(__xludf.DUMMYFUNCTION("IFERROR(IF(COUNTA(UNIQUE(FILTER(RC_IN[BLOCK],RC_IN[BLOCK LOC]=AG8,RC_IN[STATE]<>""CLOSED"")))>1,""ERROR"",INDEX(UNIQUE(FILTER(RC_IN[BLOCK],RC_IN[BLOCK LOC]=AG8,RC_IN[STATE]<>""CLOSED"")),1)),"""") "),"")
C10: =sum(H10:AA10) -> 1111494 | G10: BALANCE | H10: =SUMIFS(RC_IN[WT],RC_IN[BLOCK],H9,RC_IN[BLOCK LOC],H8)-SUMIFS(RC_OUT[WT],RC_OUT[BLOCK],H9,RC_OUT[BLOCK LOC],H8) -> 71835 | I10: =SUMIFS(RC_IN[WT],RC_IN[BLOCK],I9,RC_IN[BLOCK LOC],I8)-SUMIFS(RC_OUT[WT],RC_OUT[BLOCK],I9,RC_OUT[BLOCK LOC],I8) -> 70843 | J10: =SUMIFS(RC_IN[WT],RC_IN[BLOCK],J9,RC_IN[BLOCK LOC],J8)-SUMIFS(RC_OUT[WT],RC_OUT[BLOCK],J9,RC_OUT[BLOCK LOC],J8) -> 74510 | K10: =SUMIFS(RC_IN[WT],RC_IN[BLOCK],K9,RC_IN[BLOCK LOC],K8)-SUMIFS(RC_OUT[WT],RC_OUT[BLOCK],K9,RC_OUT[BLOCK LOC],K8) -> 71325 | L10: =SUMIFS(RC_IN[WT],RC_IN[BLOCK],L9,RC_IN[BLOCK LOC],L8)-SUMIFS(RC_OUT[WT],RC_OUT[BLOCK],L9,RC_OUT[BLOCK LOC],L8) -> 27238 | M10: =SUMIFS(RC_IN[WT],RC_IN[BLOCK],M9,RC_IN[BLOCK LOC],M8)-SUMIFS(RC_OUT[WT],RC_OUT[BLOCK],M9,RC_OUT[BLOCK LOC],M8) -> 52860 | N10: =SUMIFS(RC_IN[WT],RC_IN[BLOCK],N9,RC_IN[BLOCK LOC],N8)-SUMIFS(RC_OUT[WT],RC_OUT[BLOCK],N9,RC_OUT[BLOCK LOC],N8) -> 56185 | O10: =SUMIFS(RC_IN[WT],RC_IN[BLOCK],O9,RC_IN[BLOCK LOC],O8)-SUMIFS(RC_OUT[WT],RC_OUT[BLOCK],O9,RC_OUT[BLOCK LOC],O8) -> 59220 | ... AA10: =SUMIFS(RC_IN[WT],RC_IN[BLOCK],AA9,RC_IN[BLOCK LOC],AA8)-SUMIFS(RC_OUT[WT],RC_OUT[BLOCK],AA9,RC_OUT[BLOCK LOC],AA8) -> 70200 | AC10: =sum(AE10:AG10) -> 0 | AD10: BALANCE | AE10: =SUMIFS(RC_IN[WT],RC_IN[BLOCK],AE9,RC_IN[BLOCK LOC],AE8)-SUMIFS(RC_OUT[WT],RC_OUT[BLOCK],AE9,RC_OUT[BLOCK LOC],AE8) -> 0 | AF10: =SUMIFS(RC_IN[WT],RC_IN[BLOCK],AF9,RC_IN[BLOCK LOC],AF8)-SUMIFS(RC_OUT[WT],RC_OUT[BLOCK],AF9,RC_OUT[BLOCK LOC],AF8) -> 0 | AG10: =SUMIFS(RC_IN[WT],RC_IN[BLOCK],AG9,RC_IN[BLOCK LOC],AG8)-SUMIFS(RC_OUT[WT],RC_OUT[BLOCK],AG9,RC_OUT[BLOCK LOC],AG8) -> 0
G11: BD | H11: =IFERROR(__xludf.DUMMYFUNCTION("IFERROR(SUMPRODUCT(FILTER(RC_IN[ASTM],RC_IN[BLOCK]=H9,RC_IN[BLOCK LOC]=H8),FILTER(RC_IN[WT],RC_IN[BLOCK]=H9,RC_IN[BLOCK LOC]=H8))/SUM(FILTER(RC_IN[WT],RC_IN[BLOCK]=H9,RC_IN[BLOCK LOC]=H8)),"""") "),0.5764917519315097) -> 0.57649175 | I11: =IFERROR(__xludf.DUMMYFUNCTION("IFERROR(SUMPRODUCT(FILTER(RC_IN[ASTM],RC_IN[BLOCK]=I9,RC_IN[BLOCK LOC]=I8),FILTER(RC_IN[WT],RC_IN[BLOCK]=I9,RC_IN[BLOCK LOC]=I8))/SUM(FILTER(RC_IN[WT],RC_IN[BLOCK]=I9,RC_IN[BLOCK LOC]=I8)),"""") "),0.5764266758889375) -> 0.57642668 | J11: =IFERROR(__xludf.DUMMYFUNCTION("IFERROR(SUMPRODUCT(FILTER(RC_IN[ASTM],RC_IN[BLOCK]=J9,RC_IN[BLOCK LOC]=J8),FILTER(RC_IN[WT],RC_IN[BLOCK]=J9,RC_IN[BLOCK LOC]=J8))/SUM(FILTER(RC_IN[WT],RC_IN[BLOCK]=J9,RC_IN[BLOCK LOC]=J8)),"""") "),0.5757031942021205) -> 0.57570319 | K11: =IFERROR(__xludf.DUMMYFUNCTION("IFERROR(SUMPRODUCT(FILTER(RC_IN[ASTM],RC_IN[BLOCK]=K9,RC_IN[BLOCK LOC]=K8),FILTER(RC_IN[WT],RC_IN[BLOCK]=K9,RC_IN[BLOCK LOC]=K8))/SUM(FILTER(RC_IN[WT],RC_IN[BLOCK]=K9,RC_IN[BLOCK LOC]=K8)),"""") "),0.5772870662460567) -> 0.57728707 | L11: =IFERROR(__xludf.DUMMYFUNCTION("IFERROR(SUMPRODUCT(FILTER(RC_IN[ASTM],RC_IN[BLOCK]=L9,RC_IN[BLOCK LOC]=L8),FILTER(RC_IN[WT],RC_IN[BLOCK]=L9,RC_IN[BLOCK LOC]=L8))/SUM(FILTER(RC_IN[WT],RC_IN[BLOCK]=L9,RC_IN[BLOCK LOC]=L8)),"""") "),0.5743908005863055) -> 0.5743908 | M11: =IFERROR(__xludf.DUMMYFUNCTION("IFERROR(SUMPRODUCT(FILTER(RC_IN[ASTM],RC_IN[BLOCK]=M9,RC_IN[BLOCK LOC]=M8),FILTER(RC_IN[WT],RC_IN[BLOCK]=M9,RC_IN[BLOCK LOC]=M8))/SUM(FILTER(RC_IN[WT],RC_IN[BLOCK]=M9,RC_IN[BLOCK LOC]=M8)),"""") "),0.5666802875520243) -> 0.56668029 | N11: =IFERROR(__xludf.DUMMYFUNCTION("IFERROR(SUMPRODUCT(FILTER(RC_IN[ASTM],RC_IN[BLOCK]=N9,RC_IN[BLOCK LOC]=N8),FILTER(RC_IN[WT],RC_IN[BLOCK]=N9,RC_IN[BLOCK LOC]=N8))/SUM(FILTER(RC_IN[WT],RC_IN[BLOCK]=N9,RC_IN[BLOCK LOC]=N8)),"""") "),0.5603077333807956) -> 0.56030773 | O11: =IFERROR(__xludf.DUMMYFUNCTION("IFERROR(SUMPRODUCT(FILTER(RC_IN[ASTM],RC_IN[BLOCK]=O9,RC_IN[BLOCK LOC]=O8),FILTER(RC_IN[WT],RC_IN[BLOCK]=O9,RC_IN[BLOCK LOC]=O8))/SUM(FILTER(RC_IN[WT],RC_IN[BLOCK]=O9,RC_IN[BLOCK LOC]=O8)),"""") "),0.5671612630867949) -> 0.56716126 | P11: =IFERROR(__xludf.DUMMYFUNCTION("IFERROR(SUMPRODUCT(FILTER(RC_IN[ASTM],RC_IN[BLOCK]=P9,RC_IN[BLOCK LOC]=P8),FILTER(RC_IN[WT],RC_IN[BLOCK]=P9,RC_IN[BLOCK LOC]=P8))/SUM(FILTER(RC_IN[WT],RC_IN[BLOCK]=P9,RC_IN[BLOCK LOC]=P8)),"""") "),0.5708741009976026) -> 0.5708741 | Q11: =IFERROR(__xludf.DUMMYFUNCTION("IFERROR(SUMPRODUCT(FILTER(RC_IN[ASTM],RC_IN[BLOCK]=Q9,RC_IN[BLOCK LOC]=Q8),FILTER(RC_IN[WT],RC_IN[BLOCK]=Q9,RC_IN[BLOCK LOC]=Q8))/SUM(FILTER(RC_IN[WT],RC_IN[BLOCK]=Q9,RC_IN[BLOCK LOC]=Q8)),"""") ")," ") | R11: =IFERROR(__xludf.DUMMYFUNCTION("IFERROR(SUMPRODUCT(FILTER(RC_IN[ASTM],RC_IN[BLOCK]=R9,RC_IN[BLOCK LOC]=R8),FILTER(RC_IN[WT],RC_IN[BLOCK]=R9,RC_IN[BLOCK LOC]=R8))/SUM(FILTER(RC_IN[WT],RC_IN[BLOCK]=R9,RC_IN[BLOCK LOC]=R8)),"""") ")," ") | S11: =IFERROR(__xludf.DUMMYFUNCTION("IFERROR(SUMPRODUCT(FILTER(RC_IN[ASTM],RC_IN[BLOCK]=S9,RC_IN[BLOCK LOC]=S8),FILTER(RC_IN[WT],RC_IN[BLOCK]=S9,RC_IN[BLOCK LOC]=S8))/SUM(FILTER(RC_IN[WT],RC_IN[BLOCK]=S9,RC_IN[BLOCK LOC]=S8)),"""") "),0.5735974218677548) -> 0.57359742 | T11: =IFERROR(__xludf.DUMMYFUNCTION("IFERROR(SUMPRODUCT(FILTER(RC_IN[ASTM],RC_IN[BLOCK]=T9,RC_IN[BLOCK LOC]=T8),FILTER(RC_IN[WT],RC_IN[BLOCK]=T9,RC_IN[BLOCK LOC]=T8))/SUM(FILTER(RC_IN[WT],RC_IN[BLOCK]=T9,RC_IN[BLOCK LOC]=T8)),"""") "),0.5729976603680104) -> 0.57299766 | U11: =IFERROR(__xludf.DUMMYFUNCTION("IFERROR(SUMPRODUCT(FILTER(RC_IN[ASTM],RC_IN[BLOCK]=U9,RC_IN[BLOCK LOC]=U8),FILTER(RC_IN[WT],RC_IN[BLOCK]=U9,RC_IN[BLOCK LOC]=U8))/SUM(FILTER(RC_IN[WT],RC_IN[BLOCK]=U9,RC_IN[BLOCK LOC]=U8)),"""") "),0.5773150381842836) -> 0.57731504 | V11: =IFERROR(__xludf.DUMMYFUNCTION("IFERROR(SUMPRODUCT(FILTER(RC_IN[ASTM],RC_IN[BLOCK]=V9,RC_IN[BLOCK LOC]=V8),FILTER(RC_IN[WT],RC_IN[BLOCK]=V9,RC_IN[BLOCK LOC]=V8))/SUM(FILTER(RC_IN[WT],RC_IN[BLOCK]=V9,RC_IN[BLOCK LOC]=V8)),"""") "),0.5765271877655055) -> 0.57652719 | W11: =IFERROR(__xludf.DUMMYFUNCTION("IFERROR(SUMPRODUCT(FILTER(RC_IN[ASTM],RC_IN[BLOCK]=W9,RC_IN[BLOCK LOC]=W8),FILTER(RC_IN[WT],RC_IN[BLOCK]=W9,RC_IN[BLOCK LOC]=W8))/SUM(FILTER(RC_IN[WT],RC_IN[BLOCK]=W9,RC_IN[BLOCK LOC]=W8)),"""") ")," ") | X11: =IFERROR(__xludf.DUMMYFUNCTION("IFERROR(SUMPRODUCT(FILTER(RC_IN[ASTM],RC_IN[BLOCK]=X9,RC_IN[BLOCK LOC]=X8),FILTER(RC_IN[WT],RC_IN[BLOCK]=X9,RC_IN[BLOCK LOC]=X8))/SUM(FILTER(RC_IN[WT],RC_IN[BLOCK]=X9,RC_IN[BLOCK LOC]=X8)),"""") "),0.5744618865527871) -> 0.57446189 | Y11: =IFERROR(__xludf.DUMMYFUNCTION("IFERROR(SUMPRODUCT(FILTER(RC_IN[ASTM],RC_IN[BLOCK]=Y9,RC_IN[BLOCK LOC]=Y8),FILTER(RC_IN[WT],RC_IN[BLOCK]=Y9,RC_IN[BLOCK LOC]=Y8))/SUM(FILTER(RC_IN[WT],RC_IN[BLOCK]=Y9,RC_IN[BLOCK LOC]=Y8)),"""") "),0.5772454099132422) -> 0.57724541 | Z11: =IFERROR(__xludf.DUMMYFUNCTION("IFERROR(SUMPRODUCT(FILTER(RC_IN[ASTM],RC_IN[BLOCK]=Z9,RC_IN[BLOCK LOC]=Z8),FILTER(RC_IN[WT],RC_IN[BLOCK]=Z9,RC_IN[BLOCK LOC]=Z8))/SUM(FILTER(RC_IN[WT],RC_IN[BLOCK]=Z9,RC_IN[BLOCK LOC]=Z8)),"""") "),0.5781333996023857) -> 0.5781334 | AA11: =IFERROR(__xludf.DUMMYFUNCTION("IFERROR(SUMPRODUCT(FILTER(RC_IN[ASTM],RC_IN[BLOCK]=AA9,RC_IN[BLOCK LOC]=AA8),FILTER(RC_IN[WT],RC_IN[BLOCK]=AA9,RC_IN[BLOCK LOC]=AA8))/SUM(FILTER(RC_IN[WT],RC_IN[BLOCK]=AA9,RC_IN[BLOCK LOC]=AA8)),"""") "),0.5747487891737891) -> 0.57474879 | AD11: BD | AE11: =IFERROR(__xludf.DUMMYFUNCTION("IFERROR(SUMPRODUCT(FILTER(RC_IN[ASTM],RC_IN[BLOCK]=AE9,RC_IN[BLOCK LOC]=AE8),FILTER(RC_IN[WT],RC_IN[BLOCK]=AE9,RC_IN[BLOCK LOC]=AE8))/SUM(FILTER(RC_IN[WT],RC_IN[BLOCK]=AE9,RC_IN[BLOCK LOC]=AE8)),"""") ")," ") | AF11: =IFERROR(__xludf.DUMMYFUNCTION("IFERROR(SUMPRODUCT(FILTER(RC_IN[ASTM],RC_IN[BLOCK]=AF9,RC_IN[BLOCK LOC]=AF8),FILTER(RC_IN[WT],RC_IN[BLOCK]=AF9,RC_IN[BLOCK LOC]=AF8))/SUM(FILTER(RC_IN[WT],RC_IN[BLOCK]=AF9,RC_IN[BLOCK LOC]=AF8)),"""") ")," ") | AG11: =IFERROR(__xludf.DUMMYFUNCTION("IFERROR(SUMPRODUCT(FILTER(RC_IN[ASTM],RC_IN[BLOCK]=AG9,RC_IN[BLOCK LOC]=AG8),FILTER(RC_IN[WT],RC_IN[BLOCK]=AG9,RC_IN[BLOCK LOC]=AG8))/SUM(FILTER(RC_IN[WT],RC_IN[BLOCK]=AG9,RC_IN[BLOCK LOC]=AG8)),"""") ")," ")
G12: ASH | H12: =IFERROR(__xludf.DUMMYFUNCTION("IFERROR(SUMPRODUCT(FILTER(RC_IN[ASH],RC_IN[BLOCK]=H9,RC_IN[BLOCK LOC]=H8),FILTER(RC_IN[WT],RC_IN[BLOCK]=H9,RC_IN[BLOCK LOC]=H8))/SUM(FILTER(RC_IN[WT],RC_IN[BLOCK]=H9,RC_IN[BLOCK LOC]=H8)),"""") "),3.144030068907914) -> 3.1440301 | I12: =IFERROR(__xludf.DUMMYFUNCTION("IFERROR(SUMPRODUCT(FILTER(RC_IN[ASH],RC_IN[BLOCK]=I9,RC_IN[BLOCK LOC]=I8),FILTER(RC_IN[WT],RC_IN[BLOCK]=I9,RC_IN[BLOCK LOC]=I8))/SUM(FILTER(RC_IN[WT],RC_IN[BLOCK]=I9,RC_IN[BLOCK LOC]=I8)),"""") "),3.4160173905678755) -> 3.4160174 | J12: =IFERROR(__xludf.DUMMYFUNCTION("IFERROR(SUMPRODUCT(FILTER(RC_IN[ASH],RC_IN[BLOCK]=J9,RC_IN[BLOCK LOC]=J8),FILTER(RC_IN[WT],RC_IN[BLOCK]=J9,RC_IN[BLOCK LOC]=J8))/SUM(FILTER(RC_IN[WT],RC_IN[BLOCK]=J9,RC_IN[BLOCK LOC]=J8)),"""") "),3.543737753321702) -> 3.5437378 | K12: =IFERROR(__xludf.DUMMYFUNCTION("IFERROR(SUMPRODUCT(FILTER(RC_IN[ASH],RC_IN[BLOCK]=K9,RC_IN[BLOCK LOC]=K8),FILTER(RC_IN[WT],RC_IN[BLOCK]=K9,RC_IN[BLOCK LOC]=K8))/SUM(FILTER(RC_IN[WT],RC_IN[BLOCK]=K9,RC_IN[BLOCK LOC]=K8)),"""") "),3.644516649141255) -> 3.6445166 | L12: =IFERROR(__xludf.DUMMYFUNCTION("IFERROR(SUMPRODUCT(FILTER(RC_IN[ASH],RC_IN[BLOCK]=L9,RC_IN[BLOCK LOC]=L8),FILTER(RC_IN[WT],RC_IN[BLOCK]=L9,RC_IN[BLOCK LOC]=L8))/SUM(FILTER(RC_IN[WT],RC_IN[BLOCK]=L9,RC_IN[BLOCK LOC]=L8)),"""") "),3.5624911007189226) -> 3.5624911 | M12: =IFERROR(__xludf.DUMMYFUNCTION("IFERROR(SUMPRODUCT(FILTER(RC_IN[ASH],RC_IN[BLOCK]=M9,RC_IN[BLOCK LOC]=M8),FILTER(RC_IN[WT],RC_IN[BLOCK]=M9,RC_IN[BLOCK LOC]=M8))/SUM(FILTER(RC_IN[WT],RC_IN[BLOCK]=M9,RC_IN[BLOCK LOC]=M8)),"""") "),3.3543870601589107) -> 3.3543871 | N12: =IFERROR(__xludf.DUMMYFUNCTION("IFERROR(SUMPRODUCT(FILTER(RC_IN[ASH],RC_IN[BLOCK]=N9,RC_IN[BLOCK LOC]=N8),FILTER(RC_IN[WT],RC_IN[BLOCK]=N9,RC_IN[BLOCK LOC]=N8))/SUM(FILTER(RC_IN[WT],RC_IN[BLOCK]=N9,RC_IN[BLOCK LOC]=N8)),"""") "),3.2564002847735156) -> 3.2564003 | O12: =IFERROR(__xludf.DUMMYFUNCTION("IFERROR(SUMPRODUCT(FILTER(RC_IN[ASH],RC_IN[BLOCK]=O9,RC_IN[BLOCK LOC]=O8),FILTER(RC_IN[WT],RC_IN[BLOCK]=O9,RC_IN[BLOCK LOC]=O8))/SUM(FILTER(RC_IN[WT],RC_IN[BLOCK]=O9,RC_IN[BLOCK LOC]=O8)),"""") "),3.554622593718338) -> 3.5546226 | P12: =IFERROR(__xludf.DUMMYFUNCTION("IFERROR(SUMPRODUCT(FILTER(RC_IN[ASH],RC_IN[BLOCK]=P9,RC_IN[BLOCK LOC]=P8),FILTER(RC_IN[WT],RC_IN[BLOCK]=P9,RC_IN[BLOCK LOC]=P8))/SUM(FILTER(RC_IN[WT],RC_IN[BLOCK]=P9,RC_IN[BLOCK LOC]=P8)),"""") "),2.9181494083984227) -> 2.9181494 | Q12: =IFERROR(__xludf.DUMMYFUNCTION("IFERROR(SUMPRODUCT(FILTER(RC_IN[ASH],RC_IN[BLOCK]=Q9,RC_IN[BLOCK LOC]=Q8),FILTER(RC_IN[WT],RC_IN[BLOCK]=Q9,RC_IN[BLOCK LOC]=Q8))/SUM(FILTER(RC_IN[WT],RC_IN[BLOCK]=Q9,RC_IN[BLOCK LOC]=Q8)),"""") ")," ") | R12: =IFERROR(__xludf.DUMMYFUNCTION("IFERROR(SUMPRODUCT(FILTER(RC_IN[ASH],RC_IN[BLOCK]=R9,RC_IN[BLOCK LOC]=R8),FILTER(RC_IN[WT],RC_IN[BLOCK]=R9,RC_IN[BLOCK LOC]=R8))/SUM(FILTER(RC_IN[WT],RC_IN[BLOCK]=R9,RC_IN[BLOCK LOC]=R8)),"""") ")," ") | S12: =IFERROR(__xludf.DUMMYFUNCTION("IFERROR(SUMPRODUCT(FILTER(RC_IN[ASH],RC_IN[BLOCK]=S9,RC_IN[BLOCK LOC]=S8),FILTER(RC_IN[WT],RC_IN[BLOCK]=S9,RC_IN[BLOCK LOC]=S8))/SUM(FILTER(RC_IN[WT],RC_IN[BLOCK]=S9,RC_IN[BLOCK LOC]=S8)),"""") "),1.9207085226745804) -> 1.9207085 | T12: =IFERROR(__xludf.DUMMYFUNCTION("IFERROR(SUMPRODUCT(FILTER(RC_IN[ASH],RC_IN[BLOCK]=T9,RC_IN[BLOCK LOC]=T8),FILTER(RC_IN[WT],RC_IN[BLOCK]=T9,RC_IN[BLOCK LOC]=T8))/SUM(FILTER(RC_IN[WT],RC_IN[BLOCK]=T9,RC_IN[BLOCK LOC]=T8)),"""") "),2.85944275471023) -> 2.8594428 | U12: =IFERROR(__xludf.DUMMYFUNCTION("IFERROR(SUMPRODUCT(FILTER(RC_IN[ASH],RC_IN[BLOCK]=U9,RC_IN[BLOCK LOC]=U8),FILTER(RC_IN[WT],RC_IN[BLOCK]=U9,RC_IN[BLOCK LOC]=U8))/SUM(FILTER(RC_IN[WT],RC_IN[BLOCK]=U9,RC_IN[BLOCK LOC]=U8)),"""") "),2.81611733637856) -> 2.8161173 | V12: =IFERROR(__xludf.DUMMYFUNCTION("IFERROR(SUMPRODUCT(FILTER(RC_IN[ASH],RC_IN[BLOCK]=V9,RC_IN[BLOCK LOC]=V8),FILTER(RC_IN[WT],RC_IN[BLOCK]=V9,RC_IN[BLOCK LOC]=V8))/SUM(FILTER(RC_IN[WT],RC_IN[BLOCK]=V9,RC_IN[BLOCK LOC]=V8)),"""") "),2.845922543188898) -> 2.8459225 | W12: =IFERROR(__xludf.DUMMYFUNCTION("IFERROR(SUMPRODUCT(FILTER(RC_IN[ASH],RC_IN[BLOCK]=W9,RC_IN[BLOCK LOC]=W8),FILTER(RC_IN[WT],RC_IN[BLOCK]=W9,RC_IN[BLOCK LOC]=W8))/SUM(FILTER(RC_IN[WT],RC_IN[BLOCK]=W9,RC_IN[BLOCK LOC]=W8)),"""") ")," ") | X12: =IFERROR(__xludf.DUMMYFUNCTION("IFERROR(SUMPRODUCT(FILTER(RC_IN[ASH],RC_IN[BLOCK]=X9,RC_IN[BLOCK LOC]=X8),FILTER(RC_IN[WT],RC_IN[BLOCK]=X9,RC_IN[BLOCK LOC]=X8))/SUM(FILTER(RC_IN[WT],RC_IN[BLOCK]=X9,RC_IN[BLOCK LOC]=X8)),"""") "),3.4622018603543405) -> 3.4622019 | Y12: =IFERROR(__xludf.DUMMYFUNCTION("IFERROR(SUMPRODUCT(FILTER(RC_IN[ASH],RC_IN[BLOCK]=Y9,RC_IN[BLOCK LOC]=Y8),FILTER(RC_IN[WT],RC_IN[BLOCK]=Y9,RC_IN[BLOCK LOC]=Y8))/SUM(FILTER(RC_IN[WT],RC_IN[BLOCK]=Y9,RC_IN[BLOCK LOC]=Y8)),"""") "),3.0401311453359336) -> 3.0401311 | Z12: =IFERROR(__xludf.DUMMYFUNCTION("IFERROR(SUMPRODUCT(FILTER(RC_IN[ASH],RC_IN[BLOCK]=Z9,RC_IN[BLOCK LOC]=Z8),FILTER(RC_IN[WT],RC_IN[BLOCK]=Z9,RC_IN[BLOCK LOC]=Z8))/SUM(FILTER(RC_IN[WT],RC_IN[BLOCK]=Z9,RC_IN[BLOCK LOC]=Z8)),"""") "),3.8285043074884033) -> 3.8285043 | AA12: =IFERROR(__xludf.DUMMYFUNCTION("IFERROR(SUMPRODUCT(FILTER(RC_IN[ASH],RC_IN[BLOCK]=AA9,RC_IN[BLOCK LOC]=AA8),FILTER(RC_IN[WT],RC_IN[BLOCK]=AA9,RC_IN[BLOCK LOC]=AA8))/SUM(FILTER(RC_IN[WT],RC_IN[BLOCK]=AA9,RC_IN[BLOCK LOC]=AA8)),"""") "),3.35072792022792) -> 3.3507279 | AD12: ASH | AE12: =IFERROR(__xludf.DUMMYFUNCTION("IFERROR(SUMPRODUCT(FILTER(RC_IN[ASH],RC_IN[BLOCK]=AE9,RC_IN[BLOCK LOC]=AE8),FILTER(RC_IN[WT],RC_IN[BLOCK]=AE9,RC_IN[BLOCK LOC]=AE8))/SUM(FILTER(RC_IN[WT],RC_IN[BLOCK]=AE9,RC_IN[BLOCK LOC]=AE8)),"""") ")," ") | AF12: =IFERROR(__xludf.DUMMYFUNCTION("IFERROR(SUMPRODUCT(FILTER(RC_IN[ASH],RC_IN[BLOCK]=AF9,RC_IN[BLOCK LOC]=AF8),FILTER(RC_IN[WT],RC_IN[BLOCK]=AF9,RC_IN[BLOCK LOC]=AF8))/SUM(FILTER(RC_IN[WT],RC_IN[BLOCK]=AF9,RC_IN[BLOCK LOC]=AF8)),"""") ")," ") | AG12: =IFERROR(__xludf.DUMMYFUNCTION("IFERROR(SUMPRODUCT(FILTER(RC_IN[ASH],RC_IN[BLOCK]=AG9,RC_IN[BLOCK LOC]=AG8),FILTER(RC_IN[WT],RC_IN[BLOCK]=AG9,RC_IN[BLOCK LOC]=AG8))/SUM(FILTER(RC_IN[WT],RC_IN[BLOCK]=AG9,RC_IN[BLOCK LOC]=AG8)),"""") ")," ")
G13: MC | H13: =IFERROR(__xludf.DUMMYFUNCTION("IFERROR(SUMPRODUCT(FILTER(RC_IN[MC],RC_IN[BLOCK]=H9,RC_IN[BLOCK LOC]=H8),FILTER(RC_IN[WT],RC_IN[BLOCK]=H9,RC_IN[BLOCK LOC]=H8)) / SUM(FILTER(RC_IN[WT],RC_IN[BLOCK]=H9,RC_IN[BLOCK LOC]=H8)),"""") "),11.48674323101552) -> 11.486743 | I13: =IFERROR(__xludf.DUMMYFUNCTION("IFERROR(SUMPRODUCT(FILTER(RC_IN[MC],RC_IN[BLOCK]=I9,RC_IN[BLOCK LOC]=I8),FILTER(RC_IN[WT],RC_IN[BLOCK]=I9,RC_IN[BLOCK LOC]=I8)) / SUM(FILTER(RC_IN[WT],RC_IN[BLOCK]=I9,RC_IN[BLOCK LOC]=I8)),"""") "),11.401010967914967) -> 11.401011 | J13: =IFERROR(__xludf.DUMMYFUNCTION("IFERROR(SUMPRODUCT(FILTER(RC_IN[MC],RC_IN[BLOCK]=J9,RC_IN[BLOCK LOC]=J8),FILTER(RC_IN[WT],RC_IN[BLOCK]=J9,RC_IN[BLOCK LOC]=J8)) / SUM(FILTER(RC_IN[WT],RC_IN[BLOCK]=J9,RC_IN[BLOCK LOC]=J8)),"""") "),11.667843242517783) -> 11.667843 | K13: =IFERROR(__xludf.DUMMYFUNCTION("IFERROR(SUMPRODUCT(FILTER(RC_IN[MC],RC_IN[BLOCK]=K9,RC_IN[BLOCK LOC]=K8),FILTER(RC_IN[WT],RC_IN[BLOCK]=K9,RC_IN[BLOCK LOC]=K8)) / SUM(FILTER(RC_IN[WT],RC_IN[BLOCK]=K9,RC_IN[BLOCK LOC]=K8)),"""") "),11.64021310900806) -> 11.640213 | L13: =IFERROR(__xludf.DUMMYFUNCTION("IFERROR(SUMPRODUCT(FILTER(RC_IN[MC],RC_IN[BLOCK]=L9,RC_IN[BLOCK LOC]=L8),FILTER(RC_IN[WT],RC_IN[BLOCK]=L9,RC_IN[BLOCK LOC]=L8)) / SUM(FILTER(RC_IN[WT],RC_IN[BLOCK]=L9,RC_IN[BLOCK LOC]=L8)),"""") "),11.726696447267397) -> 11.726696 | M13: =IFERROR(__xludf.DUMMYFUNCTION("IFERROR(SUMPRODUCT(FILTER(RC_IN[MC],RC_IN[BLOCK]=M9,RC_IN[BLOCK LOC]=M8),FILTER(RC_IN[WT],RC_IN[BLOCK]=M9,RC_IN[BLOCK LOC]=M8)) / SUM(FILTER(RC_IN[WT],RC_IN[BLOCK]=M9,RC_IN[BLOCK LOC]=M8)),"""") "),10.330143776012108) -> 10.330144 | N13: =IFERROR(__xludf.DUMMYFUNCTION("IFERROR(SUMPRODUCT(FILTER(RC_IN[MC],RC_IN[BLOCK]=N9,RC_IN[BLOCK LOC]=N8),FILTER(RC_IN[WT],RC_IN[BLOCK]=N9,RC_IN[BLOCK LOC]=N8)) / SUM(FILTER(RC_IN[WT],RC_IN[BLOCK]=N9,RC_IN[BLOCK LOC]=N8)),"""") "),10.433435080537508) -> 10.433435 | O13: =IFERROR(__xludf.DUMMYFUNCTION("IFERROR(SUMPRODUCT(FILTER(RC_IN[MC],RC_IN[BLOCK]=O9,RC_IN[BLOCK LOC]=O8),FILTER(RC_IN[WT],RC_IN[BLOCK]=O9,RC_IN[BLOCK LOC]=O8)) / SUM(FILTER(RC_IN[WT],RC_IN[BLOCK]=O9,RC_IN[BLOCK LOC]=O8)),"""") "),11.14708037825059) -> 11.14708 | P13: =IFERROR(__xludf.DUMMYFUNCTION("IFERROR(SUMPRODUCT(FILTER(RC_IN[MC],RC_IN[BLOCK]=P9,RC_IN[BLOCK LOC]=P8),FILTER(RC_IN[WT],RC_IN[BLOCK]=P9,RC_IN[BLOCK LOC]=P8)) / SUM(FILTER(RC_IN[WT],RC_IN[BLOCK]=P9,RC_IN[BLOCK LOC]=P8)),"""") "),10.183730569948187) -> 10.183731 | Q13: =IFERROR(__xludf.DUMMYFUNCTION("IFERROR(SUMPRODUCT(FILTER(RC_IN[MC],RC_IN[BLOCK]=Q9,RC_IN[BLOCK LOC]=Q8),FILTER(RC_IN[WT],RC_IN[BLOCK]=Q9,RC_IN[BLOCK LOC]=Q8)) / SUM(FILTER(RC_IN[WT],RC_IN[BLOCK]=Q9,RC_IN[BLOCK LOC]=Q8)),"""") "),"") | R13: =IFERROR(__xludf.DUMMYFUNCTION("IFERROR(SUMPRODUCT(FILTER(RC_IN[MC],RC_IN[BLOCK]=R9,RC_IN[BLOCK LOC]=R8),FILTER(RC_IN[WT],RC_IN[BLOCK]=R9,RC_IN[BLOCK LOC]=R8)) / SUM(FILTER(RC_IN[WT],RC_IN[BLOCK]=R9,RC_IN[BLOCK LOC]=R8)),"""") "),"") | S13: =IFERROR(__xludf.DUMMYFUNCTION("IFERROR(SUMPRODUCT(FILTER(RC_IN[MC],RC_IN[BLOCK]=S9,RC_IN[BLOCK LOC]=S8),FILTER(RC_IN[WT],RC_IN[BLOCK]=S9,RC_IN[BLOCK LOC]=S8)) / SUM(FILTER(RC_IN[WT],RC_IN[BLOCK]=S9,RC_IN[BLOCK LOC]=S8)),"""") "),11.689831215802652) -> 11.689831 | T13: =IFERROR(__xludf.DUMMYFUNCTION("IFERROR(SUMPRODUCT(FILTER(RC_IN[MC],RC_IN[BLOCK]=T9,RC_IN[BLOCK LOC]=T8),FILTER(RC_IN[WT],RC_IN[BLOCK]=T9,RC_IN[BLOCK LOC]=T8)) / SUM(FILTER(RC_IN[WT],RC_IN[BLOCK]=T9,RC_IN[BLOCK LOC]=T8)),"""") "),12.13606639049834) -> 12.136066 | U13: =IFERROR(__xludf.DUMMYFUNCTION("IFERROR(SUMPRODUCT(FILTER(RC_IN[MC],RC_IN[BLOCK]=U9,RC_IN[BLOCK LOC]=U8),FILTER(RC_IN[WT],RC_IN[BLOCK]=U9,RC_IN[BLOCK LOC]=U8)) / SUM(FILTER(RC_IN[WT],RC_IN[BLOCK]=U9,RC_IN[BLOCK LOC]=U8)),"""") "),11.035553493683535) -> 11.035553 | V13: =IFERROR(__xludf.DUMMYFUNCTION("IFERROR(SUMPRODUCT(FILTER(RC_IN[MC],RC_IN[BLOCK]=V9,RC_IN[BLOCK LOC]=V8),FILTER(RC_IN[WT],RC_IN[BLOCK]=V9,RC_IN[BLOCK LOC]=V8)) / SUM(FILTER(RC_IN[WT],RC_IN[BLOCK]=V9,RC_IN[BLOCK LOC]=V8)),"""") "),11.328904701217786) -> 11.328905 | W13: =IFERROR(__xludf.DUMMYFUNCTION("IFERROR(SUMPRODUCT(FILTER(RC_IN[MC],RC_IN[BLOCK]=W9,RC_IN[BLOCK LOC]=W8),FILTER(RC_IN[WT],RC_IN[BLOCK]=W9,RC_IN[BLOCK LOC]=W8)) / SUM(FILTER(RC_IN[WT],RC_IN[BLOCK]=W9,RC_IN[BLOCK LOC]=W8)),"""") "),"") | X13: =IFERROR(__xludf.DUMMYFUNCTION("IFERROR(SUMPRODUCT(FILTER(RC_IN[MC],RC_IN[BLOCK]=X9,RC_IN[BLOCK LOC]=X8),FILTER(RC_IN[WT],RC_IN[BLOCK]=X9,RC_IN[BLOCK LOC]=X8)) / SUM(FILTER(RC_IN[WT],RC_IN[BLOCK]=X9,RC_IN[BLOCK LOC]=X8)),"""") "),10.677741905606204) -> 10.677742 | Y13: =IFERROR(__xludf.DUMMYFUNCTION("IFERROR(SUMPRODUCT(FILTER(RC_IN[MC],RC_IN[BLOCK]=Y9,RC_IN[BLOCK LOC]=Y8),FILTER(RC_IN[WT],RC_IN[BLOCK]=Y9,RC_IN[BLOCK LOC]=Y8)) / SUM(FILTER(RC_IN[WT],RC_IN[BLOCK]=Y9,RC_IN[BLOCK LOC]=Y8)),"""") "),11.596264039276347) -> 11.596264 | Z13: =IFERROR(__xludf.DUMMYFUNCTION("IFERROR(SUMPRODUCT(FILTER(RC_IN[MC],RC_IN[BLOCK]=Z9,RC_IN[BLOCK LOC]=Z8),FILTER(RC_IN[WT],RC_IN[BLOCK]=Z9,RC_IN[BLOCK LOC]=Z8)) / SUM(FILTER(RC_IN[WT],RC_IN[BLOCK]=Z9,RC_IN[BLOCK LOC]=Z8)),"""") "),11.428742213386348) -> 11.428742 | AA13: =IFERROR(__xludf.DUMMYFUNCTION("IFERROR(SUMPRODUCT(FILTER(RC_IN[MC],RC_IN[BLOCK]=AA9,RC_IN[BLOCK LOC]=AA8),FILTER(RC_IN[WT],RC_IN[BLOCK]=AA9,RC_IN[BLOCK LOC]=AA8)) / SUM(FILTER(RC_IN[WT],RC_IN[BLOCK]=AA9,RC_IN[BLOCK LOC]=AA8)),"""") "),10.782778490028491) -> 10.782778 | AD13: MC | AE13: =IFERROR(__xludf.DUMMYFUNCTION("IFERROR(SUMPRODUCT(FILTER(RC_IN[MC],RC_IN[BLOCK]=AE9,RC_IN[BLOCK LOC]=AE8),FILTER(RC_IN[WT],RC_IN[BLOCK]=AE9,RC_IN[BLOCK LOC]=AE8)) / SUM(FILTER(RC_IN[WT],RC_IN[BLOCK]=AE9,RC_IN[BLOCK LOC]=AE8)),"""") "),"") | AF13: =IFERROR(__xludf.DUMMYFUNCTION("IFERROR(SUMPRODUCT(FILTER(RC_IN[MC],RC_IN[BLOCK]=AF9,RC_IN[BLOCK LOC]=AF8),FILTER(RC_IN[WT],RC_IN[BLOCK]=AF9,RC_IN[BLOCK LOC]=AF8)) / SUM(FILTER(RC_IN[WT],RC_IN[BLOCK]=AF9,RC_IN[BLOCK LOC]=AF8)),"""") "),"") | AG13: =IFERROR(__xludf.DUMMYFUNCTION("IFERROR(SUMPRODUCT(FILTER(RC_IN[MC],RC_IN[BLOCK]=AG9,RC_IN[BLOCK LOC]=AG8),FILTER(RC_IN[WT],RC_IN[BLOCK]=AG9,RC_IN[BLOCK LOC]=AG8)) / SUM(FILTER(RC_IN[WT],RC_IN[BLOCK]=AG9,RC_IN[BLOCK LOC]=AG8)),"""") "),"")
D14: =D2 -> A | G14: C | H14: =CONCATENATE($D14,"-",H$1,$G14) -> A-1C | I14: =CONCATENATE($D14,"-",I$1,$G14) -> A-2C | J14: =CONCATENATE($D14,"-",J$1,$G14) -> A-3C | K14: =CONCATENATE($D14,"-",K$1,$G14) -> A-4C | L14: =CONCATENATE($D14,"-",L$1,$G14) -> A-5C | M14: =CONCATENATE($D14,"-",M$1,$G14) -> A-6C | N14: =CONCATENATE($D14,"-",N$1,$G14) -> A-7C | O14: =CONCATENATE($D14,"-",O$1,$G14) -> A-8C | ... AA14: =CONCATENATE($D14,"-",AA$1,$G14) -> A-20C | AC14: PCA | AD14: C | AE14: =CONCATENATE($AC14,"-",AE$1,$AD14) -> PCA-15C | AF14: =CONCATENATE($AC14,"-",AF$1,$AD14) -> PCA-16C | AG14: =CONCATENATE($AC14,"-",AG$1,$AD14) -> PCA-17C
F15: =IF(COUNTIF(G15:Z15,"ERROR")=0,"CLEAR",COUNTIF(G15:Z15,"ERROR")&" ERRORS") -> CLEAR | G15: BLOCK | H15: =IFERROR(__xludf.DUMMYFUNCTION("IFERROR(IF(COUNTA(UNIQUE(FILTER(RC_IN[BLOCK],RC_IN[BLOCK LOC]=H14,RC_IN[STATE]<>""CLOSED"")))>1,""ERROR"",INDEX(UNIQUE(FILTER(RC_IN[BLOCK],RC_IN[BLOCK LOC]=H14,RC_IN[STATE]<>""CLOSED"")),1)),"""") "),"FEB-26-BLK22") -> FEB-26-BLK22 | I15: =IFERROR(__xludf.DUMMYFUNCTION("IFERROR(IF(COUNTA(UNIQUE(FILTER(RC_IN[BLOCK],RC_IN[BLOCK LOC]=I14,RC_IN[STATE]<>""CLOSED"")))>1,""ERROR"",INDEX(UNIQUE(FILTER(RC_IN[BLOCK],RC_IN[BLOCK LOC]=I14,RC_IN[STATE]<>""CLOSED"")),1)),"""") "),"FEB-26-BLK29") -> FEB-26-BLK29 | J15: =IFERROR(__xludf.DUMMYFUNCTION("IFERROR(IF(COUNTA(UNIQUE(FILTER(RC_IN[BLOCK],RC_IN[BLOCK LOC]=J14,RC_IN[STATE]<>""CLOSED"")))>1,""ERROR"",INDEX(UNIQUE(FILTER(RC_IN[BLOCK],RC_IN[BLOCK LOC]=J14,RC_IN[STATE]<>""CLOSED"")),1)),"""") "),"APRIL-26-BLK6") -> APRIL-26-BLK6 | K15: =IFERROR(__xludf.DUMMYFUNCTION("IFERROR(IF(COUNTA(UNIQUE(FILTER(RC_IN[BLOCK],RC_IN[BLOCK LOC]=K14,RC_IN[STATE]<>""CLOSED"")))>1,""ERROR"",INDEX(UNIQUE(FILTER(RC_IN[BLOCK],RC_IN[BLOCK LOC]=K14,RC_IN[STATE]<>""CLOSED"")),1)),"""") "),"") | L15: =IFERROR(__xludf.DUMMYFUNCTION("IFERROR(IF(COUNTA(UNIQUE(FILTER(RC_IN[BLOCK],RC_IN[BLOCK LOC]=L14,RC_IN[STATE]<>""CLOSED"")))>1,""ERROR"",INDEX(UNIQUE(FILTER(RC_IN[BLOCK],RC_IN[BLOCK LOC]=L14,RC_IN[STATE]<>""CLOSED"")),1)),"""") "),"") | M15: =IFERROR(__xludf.DUMMYFUNCTION("IFERROR(IF(COUNTA(UNIQUE(FILTER(RC_IN[BLOCK],RC_IN[BLOCK LOC]=M14,RC_IN[STATE]<>""CLOSED"")))>1,""ERROR"",INDEX(UNIQUE(FILTER(RC_IN[BLOCK],RC_IN[BLOCK LOC]=M14,RC_IN[STATE]<>""CLOSED"")),1)),"""") "),"FEB-26-BLK12") -> FEB-26-BLK12 | N15: =IFERROR(__xludf.DUMMYFUNCTION("IFERROR(IF(COUNTA(UNIQUE(FILTER(RC_IN[BLOCK],RC_IN[BLOCK LOC]=N14,RC_IN[STATE]<>""CLOSED"")))>1,""ERROR"",INDEX(UNIQUE(FILTER(RC_IN[BLOCK],RC_IN[BLOCK LOC]=N14,RC_IN[STATE]<>""CLOSED"")),1)),"""") "),"FEB-26-BLK4") -> FEB-26-BLK4 | O15: =IFERROR(__xludf.DUMMYFUNCTION("IFERROR(IF(COUNTA(UNIQUE(FILTER(RC_IN[BLOCK],RC_IN[BLOCK LOC]=O14,RC_IN[STATE]<>""CLOSED"")))>1,""ERROR"",INDEX(UNIQUE(FILTER(RC_IN[BLOCK],RC_IN[BLOCK LOC]=O14,RC_IN[STATE]<>""CLOSED"")),1)),"""") "),"JAN-26-BLK19") -> JAN-26-BLK19 | P15: =IFERROR(__xludf.DUMMYFUNCTION("IFERROR(IF(COUNTA(UNIQUE(FILTER(RC_IN[BLOCK],RC_IN[BLOCK LOC]=P14,RC_IN[STATE]<>""CLOSED"")))>1,""ERROR"",INDEX(UNIQUE(FILTER(RC_IN[BLOCK],RC_IN[BLOCK LOC]=P14,RC_IN[STATE]<>""CLOSED"")),1)),"""") "),"") | Q15: =IFERROR(__xludf.DUMMYFUNCTION("IFERROR(IF(COUNTA(UNIQUE(FILTER(RC_IN[BLOCK],RC_IN[BLOCK LOC]=Q14,RC_IN[STATE]<>""CLOSED"")))>1,""ERROR"",INDEX(UNIQUE(FILTER(RC_IN[BLOCK],RC_IN[BLOCK LOC]=Q14,RC_IN[STATE]<>""CLOSED"")),1)),"""") "),"") | R15: =IFERROR(__xludf.DUMMYFUNCTION("IFERROR(IF(COUNTA(UNIQUE(FILTER(RC_IN[BLOCK],RC_IN[BLOCK LOC]=R14,RC_IN[STATE]<>""CLOSED"")))>1,""ERROR"",INDEX(UNIQUE(FILTER(RC_IN[BLOCK],RC_IN[BLOCK LOC]=R14,RC_IN[STATE]<>""CLOSED"")),1)),"""") "),"") | S15: =IFERROR(__xludf.DUMMYFUNCTION("IFERROR(IF(COUNTA(UNIQUE(FILTER(RC_IN[BLOCK],RC_IN[BLOCK LOC]=S14,RC_IN[STATE]<>""CLOSED"")))>1,""ERROR"",INDEX(UNIQUE(FILTER(RC_IN[BLOCK],RC_IN[BLOCK LOC]=S14,RC_IN[STATE]<>""CLOSED"")),1)),"""") "),"DEC-24-BLK2") -> DEC-24-BLK2 | T15: =IFERROR(__xludf.DUMMYFUNCTION("IFERROR(IF(COUNTA(UNIQUE(FILTER(RC_IN[BLOCK],RC_IN[BLOCK LOC]=T14,RC_IN[STATE]<>""CLOSED"")))>1,""ERROR"",INDEX(UNIQUE(FILTER(RC_IN[BLOCK],RC_IN[BLOCK LOC]=T14,RC_IN[STATE]<>""CLOSED"")),1)),"""") "),"NOV-24-BLK6") -> NOV-24-BLK6 | U15: =IFERROR(__xludf.DUMMYFUNCTION("IFERROR(IF(COUNTA(UNIQUE(FILTER(RC_IN[BLOCK],RC_IN[BLOCK LOC]=U14,RC_IN[STATE]<>""CLOSED"")))>1,""ERROR"",INDEX(UNIQUE(FILTER(RC_IN[BLOCK],RC_IN[BLOCK LOC]=U14,RC_IN[STATE]<>""CLOSED"")),1)),"""") "),"SEPT-24-BLK5") -> SEPT-24-BLK5 | V15: =IFERROR(__xludf.DUMMYFUNCTION("IFERROR(IF(COUNTA(UNIQUE(FILTER(RC_IN[BLOCK],RC_IN[BLOCK LOC]=V14,RC_IN[STATE]<>""CLOSED"")))>1,""ERROR"",INDEX(UNIQUE(FILTER(RC_IN[BLOCK],RC_IN[BLOCK LOC]=V14,RC_IN[STATE]<>""CLOSED"")),1)),"""") "),"OCT-24-BLK1") -> OCT-24-BLK1 | W15: =IFERROR(__xludf.DUMMYFUNCTION("IFERROR(IF(COUNTA(UNIQUE(FILTER(RC_IN[BLOCK],RC_IN[BLOCK LOC]=W14,RC_IN[STATE]<>""CLOSED"")))>1,""ERROR"",INDEX(UNIQUE(FILTER(RC_IN[BLOCK],RC_IN[BLOCK LOC]=W14,RC_IN[STATE]<>""CLOSED"")),1)),"""") "),"") | X15: =IFERROR(__xludf.DUMMYFUNCTION("IFERROR(IF(COUNTA(UNIQUE(FILTER(RC_IN[BLOCK],RC_IN[BLOCK LOC]=X14,RC_IN[STATE]<>""CLOSED"")))>1,""ERROR"",INDEX(UNIQUE(FILTER(RC_IN[BLOCK],RC_IN[BLOCK LOC]=X14,RC_IN[STATE]<>""CLOSED"")),1)),"""") "),"") | Y15: =IFERROR(__xludf.DUMMYFUNCTION("IFERROR(IF(COUNTA(UNIQUE(FILTER(RC_IN[BLOCK],RC_IN[BLOCK LOC]=Y14,RC_IN[STATE]<>""CLOSED"")))>1,""ERROR"",INDEX(UNIQUE(FILTER(RC_IN[BLOCK],RC_IN[BLOCK LOC]=Y14,RC_IN[STATE]<>""CLOSED"")),1)),"""") "),"") | Z15: =IFERROR(__xludf.DUMMYFUNCTION("IFERROR(IF(COUNTA(UNIQUE(FILTER(RC_IN[BLOCK],RC_IN[BLOCK LOC]=Z14,RC_IN[STATE]<>""CLOSED"")))>1,""ERROR"",INDEX(UNIQUE(FILTER(RC_IN[BLOCK],RC_IN[BLOCK LOC]=Z14,RC_IN[STATE]<>""CLOSED"")),1)),"""") "),"JUNE-26-BLK9") -> JUNE-26-BLK9 | AA15: =IFERROR(__xludf.DUMMYFUNCTION("IFERROR(IF(COUNTA(UNIQUE(FILTER(RC_IN[BLOCK],RC_IN[BLOCK LOC]=AA14,RC_IN[STATE]<>""CLOSED"")))>1,""ERROR"",INDEX(UNIQUE(FILTER(RC_IN[BLOCK],RC_IN[BLOCK LOC]=AA14,RC_IN[STATE]<>""CLOSED"")),1)),"""") "),"JUNE-26-BLK4") -> JUNE-26-BLK4 | AD15: BLOCK | AE15: =IFERROR(__xludf.DUMMYFUNCTION("IFERROR(IF(COUNTA(UNIQUE(FILTER(RC_IN[BLOCK],RC_IN[BLOCK LOC]=AE14,RC_IN[STATE]<>""CLOSED"")))>1,""ERROR"",INDEX(UNIQUE(FILTER(RC_IN[BLOCK],RC_IN[BLOCK LOC]=AE14,RC_IN[STATE]<>""CLOSED"")),1)),"""") "),"") | AF15: =IFERROR(__xludf.DUMMYFUNCTION("IFERROR(IF(COUNTA(UNIQUE(FILTER(RC_IN[BLOCK],RC_IN[BLOCK LOC]=AF14,RC_IN[STATE]<>""CLOSED"")))>1,""ERROR"",INDEX(UNIQUE(FILTER(RC_IN[BLOCK],RC_IN[BLOCK LOC]=AF14,RC_IN[STATE]<>""CLOSED"")),1)),"""") "),"") | AG15: =IFERROR(__xludf.DUMMYFUNCTION("IFERROR(IF(COUNTA(UNIQUE(FILTER(RC_IN[BLOCK],RC_IN[BLOCK LOC]=AG14,RC_IN[STATE]<>""CLOSED"")))>1,""ERROR"",INDEX(UNIQUE(FILTER(RC_IN[BLOCK],RC_IN[BLOCK LOC]=AG14,RC_IN[STATE]<>""CLOSED"")),1)),"""") "),"")
C16: =sum(H16:AA16) -> 703718 | G16: BALANCE | H16: =SUMIFS(RC_IN[WT],RC_IN[BLOCK],H15,RC_IN[BLOCK LOC],H14)-SUMIFS(RC_OUT[WT],RC_OUT[BLOCK],H15,RC_OUT[BLOCK LOC],H14) -> 74185 | I16: =SUMIFS(RC_IN[WT],RC_IN[BLOCK],I15,RC_IN[BLOCK LOC],I14)-SUMIFS(RC_OUT[WT],RC_OUT[BLOCK],I15,RC_OUT[BLOCK LOC],I14) -> 35905 | J16: =SUMIFS(RC_IN[WT],RC_IN[BLOCK],J15,RC_IN[BLOCK LOC],J14)-SUMIFS(RC_OUT[WT],RC_OUT[BLOCK],J15,RC_OUT[BLOCK LOC],J14) -> 69445 | K16: =SUMIFS(RC_IN[WT],RC_IN[BLOCK],K15,RC_IN[BLOCK LOC],K14)-SUMIFS(RC_OUT[WT],RC_OUT[BLOCK],K15,RC_OUT[BLOCK LOC],K14) -> 0 | L16: =SUMIFS(RC_IN[WT],RC_IN[BLOCK],L15,RC_IN[BLOCK LOC],L14)-SUMIFS(RC_OUT[WT],RC_OUT[BLOCK],L15,RC_OUT[BLOCK LOC],L14) -> 0 | M16: =SUMIFS(RC_IN[WT],RC_IN[BLOCK],M15,RC_IN[BLOCK LOC],M14)-SUMIFS(RC_OUT[WT],RC_OUT[BLOCK],M15,RC_OUT[BLOCK LOC],M14) -> 53705 | N16: =SUMIFS(RC_IN[WT],RC_IN[BLOCK],N15,RC_IN[BLOCK LOC],N14)-SUMIFS(RC_OUT[WT],RC_OUT[BLOCK],N15,RC_OUT[BLOCK LOC],N14) -> 45083 | O16: =SUMIFS(RC_IN[WT],RC_IN[BLOCK],O15,RC_IN[BLOCK LOC],O14)-SUMIFS(RC_OUT[WT],RC_OUT[BLOCK],O15,RC_OUT[BLOCK LOC],O14) -> 61550 | ... AA16: =SUMIFS(RC_IN[WT],RC_IN[BLOCK],AA15,RC_IN[BLOCK LOC],AA14)-SUMIFS(RC_OUT[WT],RC_OUT[BLOCK],AA15,RC_OUT[BLOCK LOC],AA14) -> 75058 | AC16: =sum(AE16:AG16) -> 0 | AD16: BALANCE | AE16: =SUMIFS(RC_IN[WT],RC_IN[BLOCK],AE15,RC_IN[BLOCK LOC],AE14)-SUMIFS(RC_OUT[WT],RC_OUT[BLOCK],AE15,RC_OUT[BLOCK LOC],AE14) -> 0 | AF16: =SUMIFS(RC_IN[WT],RC_IN[BLOCK],AF15,RC_IN[BLOCK LOC],AF14)-SUMIFS(RC_OUT[WT],RC_OUT[BLOCK],AF15,RC_OUT[BLOCK LOC],AF14) -> 0 | AG16: =SUMIFS(RC_IN[WT],RC_IN[BLOCK],AG15,RC_IN[BLOCK LOC],AG14)-SUMIFS(RC_OUT[WT],RC_OUT[BLOCK],AG15,RC_OUT[BLOCK LOC],AG14) -> 0
G17: BD | H17: =IFERROR(__xludf.DUMMYFUNCTION("IFERROR(SUMPRODUCT(FILTER(RC_IN[ASTM],RC_IN[BLOCK]=H15,RC_IN[BLOCK LOC]=H14),FILTER(RC_IN[WT],RC_IN[BLOCK]=H15,RC_IN[BLOCK LOC]=H14))/SUM(FILTER(RC_IN[WT],RC_IN[BLOCK]=H15,RC_IN[BLOCK LOC]=H14)),"""") "),0.5768891285300264) -> 0.57688913 | I17: =IFERROR(__xludf.DUMMYFUNCTION("IFERROR(SUMPRODUCT(FILTER(RC_IN[ASTM],RC_IN[BLOCK]=I15,RC_IN[BLOCK LOC]=I14),FILTER(RC_IN[WT],RC_IN[BLOCK]=I15,RC_IN[BLOCK LOC]=I14))/SUM(FILTER(RC_IN[WT],RC_IN[BLOCK]=I15,RC_IN[BLOCK LOC]=I14)),"""") "),0.5766038156245648) -> 0.57660382 | J17: =IFERROR(__xludf.DUMMYFUNCTION("IFERROR(SUMPRODUCT(FILTER(RC_IN[ASTM],RC_IN[BLOCK]=J15,RC_IN[BLOCK LOC]=J14),FILTER(RC_IN[WT],RC_IN[BLOCK]=J15,RC_IN[BLOCK LOC]=J14))/SUM(FILTER(RC_IN[WT],RC_IN[BLOCK]=J15,RC_IN[BLOCK LOC]=J14)),"""") "),0.5772517819857441) -> 0.57725178 | K17: =IFERROR(__xludf.DUMMYFUNCTION("IFERROR(SUMPRODUCT(FILTER(RC_IN[ASTM],RC_IN[BLOCK]=K15,RC_IN[BLOCK LOC]=K14),FILTER(RC_IN[WT],RC_IN[BLOCK]=K15,RC_IN[BLOCK LOC]=K14))/SUM(FILTER(RC_IN[WT],RC_IN[BLOCK]=K15,RC_IN[BLOCK LOC]=K14)),"""") ")," ") | L17: =IFERROR(__xludf.DUMMYFUNCTION("IFERROR(SUMPRODUCT(FILTER(RC_IN[ASTM],RC_IN[BLOCK]=L15,RC_IN[BLOCK LOC]=L14),FILTER(RC_IN[WT],RC_IN[BLOCK]=L15,RC_IN[BLOCK LOC]=L14))/SUM(FILTER(RC_IN[WT],RC_IN[BLOCK]=L15,RC_IN[BLOCK LOC]=L14)),"""") ")," ") | M17: =IFERROR(__xludf.DUMMYFUNCTION("IFERROR(SUMPRODUCT(FILTER(RC_IN[ASTM],RC_IN[BLOCK]=M15,RC_IN[BLOCK LOC]=M14),FILTER(RC_IN[WT],RC_IN[BLOCK]=M15,RC_IN[BLOCK LOC]=M14))/SUM(FILTER(RC_IN[WT],RC_IN[BLOCK]=M15,RC_IN[BLOCK LOC]=M14)),"""") "),0.5572098501070664) -> 0.55720985 | N17: =IFERROR(__xludf.DUMMYFUNCTION("IFERROR(SUMPRODUCT(FILTER(RC_IN[ASTM],RC_IN[BLOCK]=N15,RC_IN[BLOCK LOC]=N14),FILTER(RC_IN[WT],RC_IN[BLOCK]=N15,RC_IN[BLOCK LOC]=N14))/SUM(FILTER(RC_IN[WT],RC_IN[BLOCK]=N15,RC_IN[BLOCK LOC]=N14)),"""") "),0.5650205864478881) -> 0.56502059 | O17: =IFERROR(__xludf.DUMMYFUNCTION("IFERROR(SUMPRODUCT(FILTER(RC_IN[ASTM],RC_IN[BLOCK]=O15,RC_IN[BLOCK LOC]=O14),FILTER(RC_IN[WT],RC_IN[BLOCK]=O15,RC_IN[BLOCK LOC]=O14))/SUM(FILTER(RC_IN[WT],RC_IN[BLOCK]=O15,RC_IN[BLOCK LOC]=O14)),"""") "),0.5657561332250203) -> 0.56575613 | P17: =IFERROR(__xludf.DUMMYFUNCTION("IFERROR(SUMPRODUCT(FILTER(RC_IN[ASTM],RC_IN[BLOCK]=P15,RC_IN[BLOCK LOC]=P14),FILTER(RC_IN[WT],RC_IN[BLOCK]=P15,RC_IN[BLOCK LOC]=P14))/SUM(FILTER(RC_IN[WT],RC_IN[BLOCK]=P15,RC_IN[BLOCK LOC]=P14)),"""") ")," ") | Q17: =IFERROR(__xludf.DUMMYFUNCTION("IFERROR(SUMPRODUCT(FILTER(RC_IN[ASTM],RC_IN[BLOCK]=Q15,RC_IN[BLOCK LOC]=Q14),FILTER(RC_IN[WT],RC_IN[BLOCK]=Q15,RC_IN[BLOCK LOC]=Q14))/SUM(FILTER(RC_IN[WT],RC_IN[BLOCK]=Q15,RC_IN[BLOCK LOC]=Q14)),"""") ")," ") | R17: =IFERROR(__xludf.DUMMYFUNCTION("IFERROR(SUMPRODUCT(FILTER(RC_IN[ASTM],RC_IN[BLOCK]=R15,RC_IN[BLOCK LOC]=R14),FILTER(RC_IN[WT],RC_IN[BLOCK]=R15,RC_IN[BLOCK LOC]=R14))/SUM(FILTER(RC_IN[WT],RC_IN[BLOCK]=R15,RC_IN[BLOCK LOC]=R14)),"""") ")," ") | S17: =IFERROR(__xludf.DUMMYFUNCTION("IFERROR(SUMPRODUCT(FILTER(RC_IN[ASTM],RC_IN[BLOCK]=S15,RC_IN[BLOCK LOC]=S14),FILTER(RC_IN[WT],RC_IN[BLOCK]=S15,RC_IN[BLOCK LOC]=S14))/SUM(FILTER(RC_IN[WT],RC_IN[BLOCK]=S15,RC_IN[BLOCK LOC]=S14)),"""") "),0.5746302015905308) -> 0.5746302 | T17: =IFERROR(__xludf.DUMMYFUNCTION("IFERROR(SUMPRODUCT(FILTER(RC_IN[ASTM],RC_IN[BLOCK]=T15,RC_IN[BLOCK LOC]=T14),FILTER(RC_IN[WT],RC_IN[BLOCK]=T15,RC_IN[BLOCK LOC]=T14))/SUM(FILTER(RC_IN[WT],RC_IN[BLOCK]=T15,RC_IN[BLOCK LOC]=T14)),"""") "),0.5747128185977033) -> 0.57471282 | U17: =IFERROR(__xludf.DUMMYFUNCTION("IFERROR(SUMPRODUCT(FILTER(RC_IN[ASTM],RC_IN[BLOCK]=U15,RC_IN[BLOCK LOC]=U14),FILTER(RC_IN[WT],RC_IN[BLOCK]=U15,RC_IN[BLOCK LOC]=U14))/SUM(FILTER(RC_IN[WT],RC_IN[BLOCK]=U15,RC_IN[BLOCK LOC]=U14)),"""") "),0.5760257664096295) -> 0.57602577 | V17: =IFERROR(__xludf.DUMMYFUNCTION("IFERROR(SUMPRODUCT(FILTER(RC_IN[ASTM],RC_IN[BLOCK]=V15,RC_IN[BLOCK LOC]=V14),FILTER(RC_IN[WT],RC_IN[BLOCK]=V15,RC_IN[BLOCK LOC]=V14))/SUM(FILTER(RC_IN[WT],RC_IN[BLOCK]=V15,RC_IN[BLOCK LOC]=V14)),"""") "),0.5769811582155722) -> 0.57698116 | W17: =IFERROR(__xludf.DUMMYFUNCTION("IFERROR(SUMPRODUCT(FILTER(RC_IN[ASTM],RC_IN[BLOCK]=W15,RC_IN[BLOCK LOC]=W14),FILTER(RC_IN[WT],RC_IN[BLOCK]=W15,RC_IN[BLOCK LOC]=W14))/SUM(FILTER(RC_IN[WT],RC_IN[BLOCK]=W15,RC_IN[BLOCK LOC]=W14)),"""") ")," ") | X17: =IFERROR(__xludf.DUMMYFUNCTION("IFERROR(SUMPRODUCT(FILTER(RC_IN[ASTM],RC_IN[BLOCK]=X15,RC_IN[BLOCK LOC]=X14),FILTER(RC_IN[WT],RC_IN[BLOCK]=X15,RC_IN[BLOCK LOC]=X14))/SUM(FILTER(RC_IN[WT],RC_IN[BLOCK]=X15,RC_IN[BLOCK LOC]=X14)),"""") ")," ") | Y17: =IFERROR(__xludf.DUMMYFUNCTION("IFERROR(SUMPRODUCT(FILTER(RC_IN[ASTM],RC_IN[BLOCK]=Y15,RC_IN[BLOCK LOC]=Y14),FILTER(RC_IN[WT],RC_IN[BLOCK]=Y15,RC_IN[BLOCK LOC]=Y14))/SUM(FILTER(RC_IN[WT],RC_IN[BLOCK]=Y15,RC_IN[BLOCK LOC]=Y14)),"""") ")," ") | Z17: =IFERROR(__xludf.DUMMYFUNCTION("IFERROR(SUMPRODUCT(FILTER(RC_IN[ASTM],RC_IN[BLOCK]=Z15,RC_IN[BLOCK LOC]=Z14),FILTER(RC_IN[WT],RC_IN[BLOCK]=Z15,RC_IN[BLOCK LOC]=Z14))/SUM(FILTER(RC_IN[WT],RC_IN[BLOCK]=Z15,RC_IN[BLOCK LOC]=Z14)),"""") "),0.5756497014500994) -> 0.5756497 | AA17: =IFERROR(__xludf.DUMMYFUNCTION("IFERROR(SUMPRODUCT(FILTER(RC_IN[ASTM],RC_IN[BLOCK]=AA15,RC_IN[BLOCK LOC]=AA14),FILTER(RC_IN[WT],RC_IN[BLOCK]=AA15,RC_IN[BLOCK LOC]=AA14))/SUM(FILTER(RC_IN[WT],RC_IN[BLOCK]=AA15,RC_IN[BLOCK LOC]=AA14)),"""") "),0.5723871406112607) -> 0.57238714 | AD17: BD | AE17: =IFERROR(__xludf.DUMMYFUNCTION("IFERROR(SUMPRODUCT(FILTER(RC_IN[ASTM],RC_IN[BLOCK]=AE15,RC_IN[BLOCK LOC]=AE14),FILTER(RC_IN[WT],RC_IN[BLOCK]=AE15,RC_IN[BLOCK LOC]=AE14))/SUM(FILTER(RC_IN[WT],RC_IN[BLOCK]=AE15,RC_IN[BLOCK LOC]=AE14)),"""") ")," ") | AF17: =IFERROR(__xludf.DUMMYFUNCTION("IFERROR(SUMPRODUCT(FILTER(RC_IN[ASTM],RC_IN[BLOCK]=AF15,RC_IN[BLOCK LOC]=AF14),FILTER(RC_IN[WT],RC_IN[BLOCK]=AF15,RC_IN[BLOCK LOC]=AF14))/SUM(FILTER(RC_IN[WT],RC_IN[BLOCK]=AF15,RC_IN[BLOCK LOC]=AF14)),"""") ")," ") | AG17: =IFERROR(__xludf.DUMMYFUNCTION("IFERROR(SUMPRODUCT(FILTER(RC_IN[ASTM],RC_IN[BLOCK]=AG15,RC_IN[BLOCK LOC]=AG14),FILTER(RC_IN[WT],RC_IN[BLOCK]=AG15,RC_IN[BLOCK LOC]=AG14))/SUM(FILTER(RC_IN[WT],RC_IN[BLOCK]=AG15,RC_IN[BLOCK LOC]=AG14)),"""") ")," ")
G18: ASH | H18: =IFERROR(__xludf.DUMMYFUNCTION("IFERROR(SUMPRODUCT(FILTER(RC_IN[ASH],RC_IN[BLOCK]=H15,RC_IN[BLOCK LOC]=H14),FILTER(RC_IN[WT],RC_IN[BLOCK]=H15,RC_IN[BLOCK LOC]=H14))/SUM(FILTER(RC_IN[WT],RC_IN[BLOCK]=H15,RC_IN[BLOCK LOC]=H14)),"""") "),3.2867918042731015) -> 3.2867918 | I18: =IFERROR(__xludf.DUMMYFUNCTION("IFERROR(SUMPRODUCT(FILTER(RC_IN[ASH],RC_IN[BLOCK]=I15,RC_IN[BLOCK LOC]=I14),FILTER(RC_IN[WT],RC_IN[BLOCK]=I15,RC_IN[BLOCK LOC]=I14))/SUM(FILTER(RC_IN[WT],RC_IN[BLOCK]=I15,RC_IN[BLOCK LOC]=I14)),"""") "),3.2378749477788613) -> 3.2378749 | J18: =IFERROR(__xludf.DUMMYFUNCTION("IFERROR(SUMPRODUCT(FILTER(RC_IN[ASH],RC_IN[BLOCK]=J15,RC_IN[BLOCK LOC]=J14),FILTER(RC_IN[WT],RC_IN[BLOCK]=J15,RC_IN[BLOCK LOC]=J14))/SUM(FILTER(RC_IN[WT],RC_IN[BLOCK]=J15,RC_IN[BLOCK LOC]=J14)),"""") "),3.3633033335733318) -> 3.3633033 | K18: =IFERROR(__xludf.DUMMYFUNCTION("IFERROR(SUMPRODUCT(FILTER(RC_IN[ASH],RC_IN[BLOCK]=K15,RC_IN[BLOCK LOC]=K14),FILTER(RC_IN[WT],RC_IN[BLOCK]=K15,RC_IN[BLOCK LOC]=K14))/SUM(FILTER(RC_IN[WT],RC_IN[BLOCK]=K15,RC_IN[BLOCK LOC]=K14)),"""") ")," ") | L18: =IFERROR(__xludf.DUMMYFUNCTION("IFERROR(SUMPRODUCT(FILTER(RC_IN[ASH],RC_IN[BLOCK]=L15,RC_IN[BLOCK LOC]=L14),FILTER(RC_IN[WT],RC_IN[BLOCK]=L15,RC_IN[BLOCK LOC]=L14))/SUM(FILTER(RC_IN[WT],RC_IN[BLOCK]=L15,RC_IN[BLOCK LOC]=L14)),"""") ")," ") | M18: =IFERROR(__xludf.DUMMYFUNCTION("IFERROR(SUMPRODUCT(FILTER(RC_IN[ASH],RC_IN[BLOCK]=M15,RC_IN[BLOCK LOC]=M14),FILTER(RC_IN[WT],RC_IN[BLOCK]=M15,RC_IN[BLOCK LOC]=M14))/SUM(FILTER(RC_IN[WT],RC_IN[BLOCK]=M15,RC_IN[BLOCK LOC]=M14)),"""") "),3.870619122986687) -> 3.8706191 | N18: =IFERROR(__xludf.DUMMYFUNCTION("IFERROR(SUMPRODUCT(FILTER(RC_IN[ASH],RC_IN[BLOCK]=N15,RC_IN[BLOCK LOC]=N14),FILTER(RC_IN[WT],RC_IN[BLOCK]=N15,RC_IN[BLOCK LOC]=N14))/SUM(FILTER(RC_IN[WT],RC_IN[BLOCK]=N15,RC_IN[BLOCK LOC]=N14)),"""") "),3.233464752354907) -> 3.2334648 | O18: =IFERROR(__xludf.DUMMYFUNCTION("IFERROR(SUMPRODUCT(FILTER(RC_IN[ASH],RC_IN[BLOCK]=O15,RC_IN[BLOCK LOC]=O14),FILTER(RC_IN[WT],RC_IN[BLOCK]=O15,RC_IN[BLOCK LOC]=O14))/SUM(FILTER(RC_IN[WT],RC_IN[BLOCK]=O15,RC_IN[BLOCK LOC]=O14)),"""") "),3.605153533712429) -> 3.6051535 | P18: =IFERROR(__xludf.DUMMYFUNCTION("IFERROR(SUMPRODUCT(FILTER(RC_IN[ASH],RC_IN[BLOCK]=P15,RC_IN[BLOCK LOC]=P14),FILTER(RC_IN[WT],RC_IN[BLOCK]=P15,RC_IN[BLOCK LOC]=P14))/SUM(FILTER(RC_IN[WT],RC_IN[BLOCK]=P15,RC_IN[BLOCK LOC]=P14)),"""") ")," ") | Q18: =IFERROR(__xludf.DUMMYFUNCTION("IFERROR(SUMPRODUCT(FILTER(RC_IN[ASH],RC_IN[BLOCK]=Q15,RC_IN[BLOCK LOC]=Q14),FILTER(RC_IN[WT],RC_IN[BLOCK]=Q15,RC_IN[BLOCK LOC]=Q14))/SUM(FILTER(RC_IN[WT],RC_IN[BLOCK]=Q15,RC_IN[BLOCK LOC]=Q14)),"""") ")," ") | R18: =IFERROR(__xludf.DUMMYFUNCTION("IFERROR(SUMPRODUCT(FILTER(RC_IN[ASH],RC_IN[BLOCK]=R15,RC_IN[BLOCK LOC]=R14),FILTER(RC_IN[WT],RC_IN[BLOCK]=R15,RC_IN[BLOCK LOC]=R14))/SUM(FILTER(RC_IN[WT],RC_IN[BLOCK]=R15,RC_IN[BLOCK LOC]=R14)),"""") ")," ") | S18: =IFERROR(__xludf.DUMMYFUNCTION("IFERROR(SUMPRODUCT(FILTER(RC_IN[ASH],RC_IN[BLOCK]=S15,RC_IN[BLOCK LOC]=S14),FILTER(RC_IN[WT],RC_IN[BLOCK]=S15,RC_IN[BLOCK LOC]=S14))/SUM(FILTER(RC_IN[WT],RC_IN[BLOCK]=S15,RC_IN[BLOCK LOC]=S14)),"""") "),1.7719086369520993) -> 1.7719086 | T18: =IFERROR(__xludf.DUMMYFUNCTION("IFERROR(SUMPRODUCT(FILTER(RC_IN[ASH],RC_IN[BLOCK]=T15,RC_IN[BLOCK LOC]=T14),FILTER(RC_IN[WT],RC_IN[BLOCK]=T15,RC_IN[BLOCK LOC]=T14))/SUM(FILTER(RC_IN[WT],RC_IN[BLOCK]=T15,RC_IN[BLOCK LOC]=T14)),"""") "),2.7912015684810005) -> 2.7912016 | U18: =IFERROR(__xludf.DUMMYFUNCTION("IFERROR(SUMPRODUCT(FILTER(RC_IN[ASH],RC_IN[BLOCK]=U15,RC_IN[BLOCK LOC]=U14),FILTER(RC_IN[WT],RC_IN[BLOCK]=U15,RC_IN[BLOCK LOC]=U14))/SUM(FILTER(RC_IN[WT],RC_IN[BLOCK]=U15,RC_IN[BLOCK LOC]=U14)),"""") "),3.01948467180741) -> 3.0194847 | V18: =IFERROR(__xludf.DUMMYFUNCTION("IFERROR(SUMPRODUCT(FILTER(RC_IN[ASH],RC_IN[BLOCK]=V15,RC_IN[BLOCK LOC]=V14),FILTER(RC_IN[WT],RC_IN[BLOCK]=V15,RC_IN[BLOCK LOC]=V14))/SUM(FILTER(RC_IN[WT],RC_IN[BLOCK]=V15,RC_IN[BLOCK LOC]=V14)),"""") "),3.0169308210954093) -> 3.0169308 | W18: =IFERROR(__xludf.DUMMYFUNCTION("IFERROR(SUMPRODUCT(FILTER(RC_IN[ASH],RC_IN[BLOCK]=W15,RC_IN[BLOCK LOC]=W14),FILTER(RC_IN[WT],RC_IN[BLOCK]=W15,RC_IN[BLOCK LOC]=W14))/SUM(FILTER(RC_IN[WT],RC_IN[BLOCK]=W15,RC_IN[BLOCK LOC]=W14)),"""") ")," ") | X18: =IFERROR(__xludf.DUMMYFUNCTION("IFERROR(SUMPRODUCT(FILTER(RC_IN[ASH],RC_IN[BLOCK]=X15,RC_IN[BLOCK LOC]=X14),FILTER(RC_IN[WT],RC_IN[BLOCK]=X15,RC_IN[BLOCK LOC]=X14))/SUM(FILTER(RC_IN[WT],RC_IN[BLOCK]=X15,RC_IN[BLOCK LOC]=X14)),"""") ")," ") | Y18: =IFERROR(__xludf.DUMMYFUNCTION("IFERROR(SUMPRODUCT(FILTER(RC_IN[ASH],RC_IN[BLOCK]=Y15,RC_IN[BLOCK LOC]=Y14),FILTER(RC_IN[WT],RC_IN[BLOCK]=Y15,RC_IN[BLOCK LOC]=Y14))/SUM(FILTER(RC_IN[WT],RC_IN[BLOCK]=Y15,RC_IN[BLOCK LOC]=Y14)),"""") ")," ") | Z18: =IFERROR(__xludf.DUMMYFUNCTION("IFERROR(SUMPRODUCT(FILTER(RC_IN[ASH],RC_IN[BLOCK]=Z15,RC_IN[BLOCK LOC]=Z14),FILTER(RC_IN[WT],RC_IN[BLOCK]=Z15,RC_IN[BLOCK LOC]=Z14))/SUM(FILTER(RC_IN[WT],RC_IN[BLOCK]=Z15,RC_IN[BLOCK LOC]=Z14)),"""") "),3.0056121965419664) -> 3.0056122 | AA18: =IFERROR(__xludf.DUMMYFUNCTION("IFERROR(SUMPRODUCT(FILTER(RC_IN[ASH],RC_IN[BLOCK]=AA15,RC_IN[BLOCK LOC]=AA14),FILTER(RC_IN[WT],RC_IN[BLOCK]=AA15,RC_IN[BLOCK LOC]=AA14))/SUM(FILTER(RC_IN[WT],RC_IN[BLOCK]=AA15,RC_IN[BLOCK LOC]=AA14)),"""") "),3.2004681712808765) -> 3.2004682 | AD18: ASH | AE18: =IFERROR(__xludf.DUMMYFUNCTION("IFERROR(SUMPRODUCT(FILTER(RC_IN[ASH],RC_IN[BLOCK]=AE15,RC_IN[BLOCK LOC]=AE14),FILTER(RC_IN[WT],RC_IN[BLOCK]=AE15,RC_IN[BLOCK LOC]=AE14))/SUM(FILTER(RC_IN[WT],RC_IN[BLOCK]=AE15,RC_IN[BLOCK LOC]=AE14)),"""") ")," ") | AF18: =IFERROR(__xludf.DUMMYFUNCTION("IFERROR(SUMPRODUCT(FILTER(RC_IN[ASH],RC_IN[BLOCK]=AF15,RC_IN[BLOCK LOC]=AF14),FILTER(RC_IN[WT],RC_IN[BLOCK]=AF15,RC_IN[BLOCK LOC]=AF14))/SUM(FILTER(RC_IN[WT],RC_IN[BLOCK]=AF15,RC_IN[BLOCK LOC]=AF14)),"""") ")," ") | AG18: =IFERROR(__xludf.DUMMYFUNCTION("IFERROR(SUMPRODUCT(FILTER(RC_IN[ASH],RC_IN[BLOCK]=AG15,RC_IN[BLOCK LOC]=AG14),FILTER(RC_IN[WT],RC_IN[BLOCK]=AG15,RC_IN[BLOCK LOC]=AG14))/SUM(FILTER(RC_IN[WT],RC_IN[BLOCK]=AG15,RC_IN[BLOCK LOC]=AG14)),"""") ")," ")
C19: =sum(C4:C17) -> 3034880 | G19: MC | H19: =IFERROR(__xludf.DUMMYFUNCTION("IFERROR(SUMPRODUCT(FILTER(RC_IN[MC],RC_IN[BLOCK]=H15,RC_IN[BLOCK LOC]=H14),FILTER(RC_IN[WT],RC_IN[BLOCK]=H15,RC_IN[BLOCK LOC]=H14)) / SUM(FILTER(RC_IN[WT],RC_IN[BLOCK]=H15,RC_IN[BLOCK LOC]=H14)),"""") "),11.053391521197009) -> 11.053392 | I19: =IFERROR(__xludf.DUMMYFUNCTION("IFERROR(SUMPRODUCT(FILTER(RC_IN[MC],RC_IN[BLOCK]=I15,RC_IN[BLOCK LOC]=I14),FILTER(RC_IN[WT],RC_IN[BLOCK]=I15,RC_IN[BLOCK LOC]=I14)) / SUM(FILTER(RC_IN[WT],RC_IN[BLOCK]=I15,RC_IN[BLOCK LOC]=I14)),"""") "),11.6) -> 11.6 | J19: =IFERROR(__xludf.DUMMYFUNCTION("IFERROR(SUMPRODUCT(FILTER(RC_IN[MC],RC_IN[BLOCK]=J15,RC_IN[BLOCK LOC]=J14),FILTER(RC_IN[WT],RC_IN[BLOCK]=J15,RC_IN[BLOCK LOC]=J14)) / SUM(FILTER(RC_IN[WT],RC_IN[BLOCK]=J15,RC_IN[BLOCK LOC]=J14)),"""") "),11.770354957160343) -> 11.770355 | K19: =IFERROR(__xludf.DUMMYFUNCTION("IFERROR(SUMPRODUCT(FILTER(RC_IN[MC],RC_IN[BLOCK]=K15,RC_IN[BLOCK LOC]=K14),FILTER(RC_IN[WT],RC_IN[BLOCK]=K15,RC_IN[BLOCK LOC]=K14)) / SUM(FILTER(RC_IN[WT],RC_IN[BLOCK]=K15,RC_IN[BLOCK LOC]=K14)),"""") "),"") | L19: =IFERROR(__xludf.DUMMYFUNCTION("IFERROR(SUMPRODUCT(FILTER(RC_IN[MC],RC_IN[BLOCK]=L15,RC_IN[BLOCK LOC]=L14),FILTER(RC_IN[WT],RC_IN[BLOCK]=L15,RC_IN[BLOCK LOC]=L14)) / SUM(FILTER(RC_IN[WT],RC_IN[BLOCK]=L15,RC_IN[BLOCK LOC]=L14)),"""") "),"") | M19: =IFERROR(__xludf.DUMMYFUNCTION("IFERROR(SUMPRODUCT(FILTER(RC_IN[MC],RC_IN[BLOCK]=M15,RC_IN[BLOCK LOC]=M14),FILTER(RC_IN[WT],RC_IN[BLOCK]=M15,RC_IN[BLOCK LOC]=M14)) / SUM(FILTER(RC_IN[WT],RC_IN[BLOCK]=M15,RC_IN[BLOCK LOC]=M14)),"""") "),10.122450423610463) -> 10.12245 | N19: =IFERROR(__xludf.DUMMYFUNCTION("IFERROR(SUMPRODUCT(FILTER(RC_IN[MC],RC_IN[BLOCK]=N15,RC_IN[BLOCK LOC]=N14),FILTER(RC_IN[WT],RC_IN[BLOCK]=N15,RC_IN[BLOCK LOC]=N14)) / SUM(FILTER(RC_IN[WT],RC_IN[BLOCK]=N15,RC_IN[BLOCK LOC]=N14)),"""") "),10.09546870252203) -> 10.095469 | O19: =IFERROR(__xludf.DUMMYFUNCTION("IFERROR(SUMPRODUCT(FILTER(RC_IN[MC],RC_IN[BLOCK]=O15,RC_IN[BLOCK LOC]=O14),FILTER(RC_IN[WT],RC_IN[BLOCK]=O15,RC_IN[BLOCK LOC]=O14)) / SUM(FILTER(RC_IN[WT],RC_IN[BLOCK]=O15,RC_IN[BLOCK LOC]=O14)),"""") "),10.93612997562957) -> 10.93613 | P19: =IFERROR(__xludf.DUMMYFUNCTION("IFERROR(SUMPRODUCT(FILTER(RC_IN[MC],RC_IN[BLOCK]=P15,RC_IN[BLOCK LOC]=P14),FILTER(RC_IN[WT],RC_IN[BLOCK]=P15,RC_IN[BLOCK LOC]=P14)) / SUM(FILTER(RC_IN[WT],RC_IN[BLOCK]=P15,RC_IN[BLOCK LOC]=P14)),"""") "),"") | Q19: =IFERROR(__xludf.DUMMYFUNCTION("IFERROR(SUMPRODUCT(FILTER(RC_IN[MC],RC_IN[BLOCK]=Q15,RC_IN[BLOCK LOC]=Q14),FILTER(RC_IN[WT],RC_IN[BLOCK]=Q15,RC_IN[BLOCK LOC]=Q14)) / SUM(FILTER(RC_IN[WT],RC_IN[BLOCK]=Q15,RC_IN[BLOCK LOC]=Q14)),"""") "),"") | R19: =IFERROR(__xludf.DUMMYFUNCTION("IFERROR(SUMPRODUCT(FILTER(RC_IN[MC],RC_IN[BLOCK]=R15,RC_IN[BLOCK LOC]=R14),FILTER(RC_IN[WT],RC_IN[BLOCK]=R15,RC_IN[BLOCK LOC]=R14)) / SUM(FILTER(RC_IN[WT],RC_IN[BLOCK]=R15,RC_IN[BLOCK LOC]=R14)),"""") "),"") | S19: =IFERROR(__xludf.DUMMYFUNCTION("IFERROR(SUMPRODUCT(FILTER(RC_IN[MC],RC_IN[BLOCK]=S15,RC_IN[BLOCK LOC]=S14),FILTER(RC_IN[WT],RC_IN[BLOCK]=S15,RC_IN[BLOCK LOC]=S14)) / SUM(FILTER(RC_IN[WT],RC_IN[BLOCK]=S15,RC_IN[BLOCK LOC]=S14)),"""") "),11.491823562049197) -> 11.491824 | T19: =IFERROR(__xludf.DUMMYFUNCTION("IFERROR(SUMPRODUCT(FILTER(RC_IN[MC],RC_IN[BLOCK]=T15,RC_IN[BLOCK LOC]=T14),FILTER(RC_IN[WT],RC_IN[BLOCK]=T15,RC_IN[BLOCK LOC]=T14)) / SUM(FILTER(RC_IN[WT],RC_IN[BLOCK]=T15,RC_IN[BLOCK LOC]=T14)),"""") "),11.586056390626458) -> 11.586056 | U19: =IFERROR(__xludf.DUMMYFUNCTION("IFERROR(SUMPRODUCT(FILTER(RC_IN[MC],RC_IN[BLOCK]=U15,RC_IN[BLOCK LOC]=U14),FILTER(RC_IN[WT],RC_IN[BLOCK]=U15,RC_IN[BLOCK LOC]=U14)) / SUM(FILTER(RC_IN[WT],RC_IN[BLOCK]=U15,RC_IN[BLOCK LOC]=U14)),"""") "),11.802552191085198) -> 11.802552 | V19: =IFERROR(__xludf.DUMMYFUNCTION("IFERROR(SUMPRODUCT(FILTER(RC_IN[MC],RC_IN[BLOCK]=V15,RC_IN[BLOCK LOC]=V14),FILTER(RC_IN[WT],RC_IN[BLOCK]=V15,RC_IN[BLOCK LOC]=V14)) / SUM(FILTER(RC_IN[WT],RC_IN[BLOCK]=V15,RC_IN[BLOCK LOC]=V14)),"""") "),11.831037221760415) -> 11.831037 | W19: =IFERROR(__xludf.DUMMYFUNCTION("IFERROR(SUMPRODUCT(FILTER(RC_IN[MC],RC_IN[BLOCK]=W15,RC_IN[BLOCK LOC]=W14),FILTER(RC_IN[WT],RC_IN[BLOCK]=W15,RC_IN[BLOCK LOC]=W14)) / SUM(FILTER(RC_IN[WT],RC_IN[BLOCK]=W15,RC_IN[BLOCK LOC]=W14)),"""") "),"") | X19: =IFERROR(__xludf.DUMMYFUNCTION("IFERROR(SUMPRODUCT(FILTER(RC_IN[MC],RC_IN[BLOCK]=X15,RC_IN[BLOCK LOC]=X14),FILTER(RC_IN[WT],RC_IN[BLOCK]=X15,RC_IN[BLOCK LOC]=X14)) / SUM(FILTER(RC_IN[WT],RC_IN[BLOCK]=X15,RC_IN[BLOCK LOC]=X14)),"""") "),"") | Y19: =IFERROR(__xludf.DUMMYFUNCTION("IFERROR(SUMPRODUCT(FILTER(RC_IN[MC],RC_IN[BLOCK]=Y15,RC_IN[BLOCK LOC]=Y14),FILTER(RC_IN[WT],RC_IN[BLOCK]=Y15,RC_IN[BLOCK LOC]=Y14)) / SUM(FILTER(RC_IN[WT],RC_IN[BLOCK]=Y15,RC_IN[BLOCK LOC]=Y14)),"""") "),"") | Z19: =IFERROR(__xludf.DUMMYFUNCTION("IFERROR(SUMPRODUCT(FILTER(RC_IN[MC],RC_IN[BLOCK]=Z15,RC_IN[BLOCK LOC]=Z14),FILTER(RC_IN[WT],RC_IN[BLOCK]=Z15,RC_IN[BLOCK LOC]=Z14)) / SUM(FILTER(RC_IN[WT],RC_IN[BLOCK]=Z15,RC_IN[BLOCK LOC]=Z14)),"""") "),12.113150141489635) -> 12.11315 | AA19: =IFERROR(__xludf.DUMMYFUNCTION("IFERROR(SUMPRODUCT(FILTER(RC_IN[MC],RC_IN[BLOCK]=AA15,RC_IN[BLOCK LOC]=AA14),FILTER(RC_IN[WT],RC_IN[BLOCK]=AA15,RC_IN[BLOCK LOC]=AA14)) / SUM(FILTER(RC_IN[WT],RC_IN[BLOCK]=AA15,RC_IN[BLOCK LOC]=AA14)),"""") "),12.032532441578512) -> 12.032532 | AD19: MC | AE19: =IFERROR(__xludf.DUMMYFUNCTION("IFERROR(SUMPRODUCT(FILTER(RC_IN[MC],RC_IN[BLOCK]=AE15,RC_IN[BLOCK LOC]=AE14),FILTER(RC_IN[WT],RC_IN[BLOCK]=AE15,RC_IN[BLOCK LOC]=AE14)) / SUM(FILTER(RC_IN[WT],RC_IN[BLOCK]=AE15,RC_IN[BLOCK LOC]=AE14)),"""") "),"") | AF19: =IFERROR(__xludf.DUMMYFUNCTION("IFERROR(SUMPRODUCT(FILTER(RC_IN[MC],RC_IN[BLOCK]=AF15,RC_IN[BLOCK LOC]=AF14),FILTER(RC_IN[WT],RC_IN[BLOCK]=AF15,RC_IN[BLOCK LOC]=AF14)) / SUM(FILTER(RC_IN[WT],RC_IN[BLOCK]=AF15,RC_IN[BLOCK LOC]=AF14)),"""") "),"") | AG19: =IFERROR(__xludf.DUMMYFUNCTION("IFERROR(SUMPRODUCT(FILTER(RC_IN[MC],RC_IN[BLOCK]=AG15,RC_IN[BLOCK LOC]=AG14),FILTER(RC_IN[WT],RC_IN[BLOCK]=AG15,RC_IN[BLOCK LOC]=AG14)) / SUM(FILTER(RC_IN[WT],RC_IN[BLOCK]=AG15,RC_IN[BLOCK LOC]=AG14)),"""") "),"")
AD20: WALKWAY
C21: =E21 -> WHSE B | D21: B | E21: =CONCATENATE("WHSE ",D21) -> WHSE B | G21: A | H21: =CONCATENATE($D21,"-",H$1,$G21) -> B-1A | I21: =CONCATENATE($D21,"-",I$1,$G21) -> B-2A | J21: =CONCATENATE($D21,"-",J$1,$G21) -> B-3A | K21: =CONCATENATE($D21,"-",K$1,$G21) -> B-4A | L21: =CONCATENATE($D21,"-",L$1,$G21) -> B-5A | M21: =CONCATENATE($D21,"-",M$1,$G21) -> B-6A | N21: =CONCATENATE($D21,"-",N$1,$G21) -> B-7A | O21: =CONCATENATE($D21,"-",O$1,$G21) -> B-8A | ... AA21: =CONCATENATE($D21,"-",AA$1,$G21) -> B-20A | AC21: PCB | AD21: A | AE21: =CONCATENATE($AC21,"-",AE$1,$AD21) -> PCB-15A | AF21: =CONCATENATE($AC21,"-",AF$1,$AD21) -> PCB-16A | AG21: =CONCATENATE($AC21,"-",AG$1,$AD21) -> PCB-17A
C22: TTLs | F22: =IF(COUNTIF(G22:Z22,"ERROR")=0,"CLEAR",COUNTIF(G22:Z22,"ERROR")&" ERRORS") -> CLEAR | G22: BLOCK | H22: =IFERROR(__xludf.DUMMYFUNCTION("IFERROR(IF(COUNTA(UNIQUE(FILTER(RC_IN[BLOCK],RC_IN[BLOCK LOC]=H21,RC_IN[STATE]<>""CLOSED"")))>1,""ERROR"",INDEX(UNIQUE(FILTER(RC_IN[BLOCK],RC_IN[BLOCK LOC]=H21,RC_IN[STATE]<>""CLOSED"")),1)),"""") "),"OCT-23-BLK1") -> OCT-23-BLK1 | I22: =IFERROR(__xludf.DUMMYFUNCTION("IFERROR(IF(COUNTA(UNIQUE(FILTER(RC_IN[BLOCK],RC_IN[BLOCK LOC]=I21,RC_IN[STATE]<>""CLOSED"")))>1,""ERROR"",INDEX(UNIQUE(FILTER(RC_IN[BLOCK],RC_IN[BLOCK LOC]=I21,RC_IN[STATE]<>""CLOSED"")),1)),"""") "),"OCT-23-BLK2") -> OCT-23-BLK2 | J22: =IFERROR(__xludf.DUMMYFUNCTION("IFERROR(IF(COUNTA(UNIQUE(FILTER(RC_IN[BLOCK],RC_IN[BLOCK LOC]=J21,RC_IN[STATE]<>""CLOSED"")))>1,""ERROR"",INDEX(UNIQUE(FILTER(RC_IN[BLOCK],RC_IN[BLOCK LOC]=J21,RC_IN[STATE]<>""CLOSED"")),1)),"""") "),"OCT-23-BLK3") -> OCT-23-BLK3 | K22: =IFERROR(__xludf.DUMMYFUNCTION("IFERROR(IF(COUNTA(UNIQUE(FILTER(RC_IN[BLOCK],RC_IN[BLOCK LOC]=K21,RC_IN[STATE]<>""CLOSED"")))>1,""ERROR"",INDEX(UNIQUE(FILTER(RC_IN[BLOCK],RC_IN[BLOCK LOC]=K21,RC_IN[STATE]<>""CLOSED"")),1)),"""") "),"SEPT-23-BLK4") -> SEPT-23-BLK4 | L22: =IFERROR(__xludf.DUMMYFUNCTION("IFERROR(IF(COUNTA(UNIQUE(FILTER(RC_IN[BLOCK],RC_IN[BLOCK LOC]=L21,RC_IN[STATE]<>""CLOSED"")))>1,""ERROR"",INDEX(UNIQUE(FILTER(RC_IN[BLOCK],RC_IN[BLOCK LOC]=L21,RC_IN[STATE]<>""CLOSED"")),1)),"""") "),"SEPT-23-BLK2") -> SEPT-23-BLK2 | M22: =IFERROR(__xludf.DUMMYFUNCTION("IFERROR(IF(COUNTA(UNIQUE(FILTER(RC_IN[BLOCK],RC_IN[BLOCK LOC]=M21,RC_IN[STATE]<>""CLOSED"")))>1,""ERROR"",INDEX(UNIQUE(FILTER(RC_IN[BLOCK],RC_IN[BLOCK LOC]=M21,RC_IN[STATE]<>""CLOSED"")),1)),"""") "),"") | N22: =IFERROR(__xludf.DUMMYFUNCTION("IFERROR(IF(COUNTA(UNIQUE(FILTER(RC_IN[BLOCK],RC_IN[BLOCK LOC]=N21,RC_IN[STATE]<>""CLOSED"")))>1,""ERROR"",INDEX(UNIQUE(FILTER(RC_IN[BLOCK],RC_IN[BLOCK LOC]=N21,RC_IN[STATE]<>""CLOSED"")),1)),"""") "),"MAR-24-BLK4") -> MAR-24-BLK4 | O22: =IFERROR(__xludf.DUMMYFUNCTION("IFERROR(IF(COUNTA(UNIQUE(FILTER(RC_IN[BLOCK],RC_IN[BLOCK LOC]=O21,RC_IN[STATE]<>""CLOSED"")))>1,""ERROR"",INDEX(UNIQUE(FILTER(RC_IN[BLOCK],RC_IN[BLOCK LOC]=O21,RC_IN[STATE]<>""CLOSED"")),1)),"""") "),"APR-24-BLK3") -> APR-24-BLK3 | P22: =IFERROR(__xludf.DUMMYFUNCTION("IFERROR(IF(COUNTA(UNIQUE(FILTER(RC_IN[BLOCK],RC_IN[BLOCK LOC]=P21,RC_IN[STATE]<>""CLOSED"")))>1,""ERROR"",INDEX(UNIQUE(FILTER(RC_IN[BLOCK],RC_IN[BLOCK LOC]=P21,RC_IN[STATE]<>""CLOSED"")),1)),"""") "),"APR-24-BLK4") -> APR-24-BLK4 | Q22: =IFERROR(__xludf.DUMMYFUNCTION("IFERROR(IF(COUNTA(UNIQUE(FILTER(RC_IN[BLOCK],RC_IN[BLOCK LOC]=Q21,RC_IN[STATE]<>""CLOSED"")))>1,""ERROR"",INDEX(UNIQUE(FILTER(RC_IN[BLOCK],RC_IN[BLOCK LOC]=Q21,RC_IN[STATE]<>""CLOSED"")),1)),"""") "),"") | R22: =IFERROR(__xludf.DUMMYFUNCTION("IFERROR(IF(COUNTA(UNIQUE(FILTER(RC_IN[BLOCK],RC_IN[BLOCK LOC]=R21,RC_IN[STATE]<>""CLOSED"")))>1,""ERROR"",INDEX(UNIQUE(FILTER(RC_IN[BLOCK],RC_IN[BLOCK LOC]=R21,RC_IN[STATE]<>""CLOSED"")),1)),"""") "),"MAR-24-BLK3") -> MAR-24-BLK3 | S22: =IFERROR(__xludf.DUMMYFUNCTION("IFERROR(IF(COUNTA(UNIQUE(FILTER(RC_IN[BLOCK],RC_IN[BLOCK LOC]=S21,RC_IN[STATE]<>""CLOSED"")))>1,""ERROR"",INDEX(UNIQUE(FILTER(RC_IN[BLOCK],RC_IN[BLOCK LOC]=S21,RC_IN[STATE]<>""CLOSED"")),1)),"""") "),"APR-24-BLK2") -> APR-24-BLK2 | T22: =IFERROR(__xludf.DUMMYFUNCTION("IFERROR(IF(COUNTA(UNIQUE(FILTER(RC_IN[BLOCK],RC_IN[BLOCK LOC]=T21,RC_IN[STATE]<>""CLOSED"")))>1,""ERROR"",INDEX(UNIQUE(FILTER(RC_IN[BLOCK],RC_IN[BLOCK LOC]=T21,RC_IN[STATE]<>""CLOSED"")),1)),"""") "),"MAY-24-BLK2") -> MAY-24-BLK2 | U22: =IFERROR(__xludf.DUMMYFUNCTION("IFERROR(IF(COUNTA(UNIQUE(FILTER(RC_IN[BLOCK],RC_IN[BLOCK LOC]=U21,RC_IN[STATE]<>""CLOSED"")))>1,""ERROR"",INDEX(UNIQUE(FILTER(RC_IN[BLOCK],RC_IN[BLOCK LOC]=U21,RC_IN[STATE]<>""CLOSED"")),1)),"""") "),"MAY-24-BLK4") -> MAY-24-BLK4 | V22: =IFERROR(__xludf.DUMMYFUNCTION("IFERROR(IF(COUNTA(UNIQUE(FILTER(RC_IN[BLOCK],RC_IN[BLOCK LOC]=V21,RC_IN[STATE]<>""CLOSED"")))>1,""ERROR"",INDEX(UNIQUE(FILTER(RC_IN[BLOCK],RC_IN[BLOCK LOC]=V21,RC_IN[STATE]<>""CLOSED"")),1)),"""") "),"MAY-24-BLK8") -> MAY-24-BLK8 | W22: =IFERROR(__xludf.DUMMYFUNCTION("IFERROR(IF(COUNTA(UNIQUE(FILTER(RC_IN[BLOCK],RC_IN[BLOCK LOC]=W21,RC_IN[STATE]<>""CLOSED"")))>1,""ERROR"",INDEX(UNIQUE(FILTER(RC_IN[BLOCK],RC_IN[BLOCK LOC]=W21,RC_IN[STATE]<>""CLOSED"")),1)),"""") "),"") | X22: =IFERROR(__xludf.DUMMYFUNCTION("IFERROR(IF(COUNTA(UNIQUE(FILTER(RC_IN[BLOCK],RC_IN[BLOCK LOC]=X21,RC_IN[STATE]<>""CLOSED"")))>1,""ERROR"",INDEX(UNIQUE(FILTER(RC_IN[BLOCK],RC_IN[BLOCK LOC]=X21,RC_IN[STATE]<>""CLOSED"")),1)),"""") "),"APR-24-BLK5") -> APR-24-BLK5 | Y22: =IFERROR(__xludf.DUMMYFUNCTION("IFERROR(IF(COUNTA(UNIQUE(FILTER(RC_IN[BLOCK],RC_IN[BLOCK LOC]=Y21,RC_IN[STATE]<>""CLOSED"")))>1,""ERROR"",INDEX(UNIQUE(FILTER(RC_IN[BLOCK],RC_IN[BLOCK LOC]=Y21,RC_IN[STATE]<>""CLOSED"")),1)),"""") "),"MAY-24-BLK5") -> MAY-24-BLK5 | Z22: =IFERROR(__xludf.DUMMYFUNCTION("IFERROR(IF(COUNTA(UNIQUE(FILTER(RC_IN[BLOCK],RC_IN[BLOCK LOC]=Z21,RC_IN[STATE]<>""CLOSED"")))>1,""ERROR"",INDEX(UNIQUE(FILTER(RC_IN[BLOCK],RC_IN[BLOCK LOC]=Z21,RC_IN[STATE]<>""CLOSED"")),1)),"""") "),"AUG-24-BLK1") -> AUG-24-BLK1 | AA22: =IFERROR(__xludf.DUMMYFUNCTION("IFERROR(IF(COUNTA(UNIQUE(FILTER(RC_IN[BLOCK],RC_IN[BLOCK LOC]=AA21,RC_IN[STATE]<>""CLOSED"")))>1,""ERROR"",INDEX(UNIQUE(FILTER(RC_IN[BLOCK],RC_IN[BLOCK LOC]=AA21,RC_IN[STATE]<>""CLOSED"")),1)),"""") "),"AUG-24-BLK2") -> AUG-24-BLK2 | AD22: BLOCK | AE22: =IFERROR(__xludf.DUMMYFUNCTION("IFERROR(IF(COUNTA(UNIQUE(FILTER(RC_IN[BLOCK],RC_IN[BLOCK LOC]=AE21,RC_IN[STATE]<>""CLOSED"")))>1,""ERROR"",INDEX(UNIQUE(FILTER(RC_IN[BLOCK],RC_IN[BLOCK LOC]=AE21,RC_IN[STATE]<>""CLOSED"")),1)),"""") "),"") | AF22: =IFERROR(__xludf.DUMMYFUNCTION("IFERROR(IF(COUNTA(UNIQUE(FILTER(RC_IN[BLOCK],RC_IN[BLOCK LOC]=AF21,RC_IN[STATE]<>""CLOSED"")))>1,""ERROR"",INDEX(UNIQUE(FILTER(RC_IN[BLOCK],RC_IN[BLOCK LOC]=AF21,RC_IN[STATE]<>""CLOSED"")),1)),"""") "),"") | AG22: =IFERROR(__xludf.DUMMYFUNCTION("IFERROR(IF(COUNTA(UNIQUE(FILTER(RC_IN[BLOCK],RC_IN[BLOCK LOC]=AG21,RC_IN[STATE]<>""CLOSED"")))>1,""ERROR"",INDEX(UNIQUE(FILTER(RC_IN[BLOCK],RC_IN[BLOCK LOC]=AG21,RC_IN[STATE]<>""CLOSED"")),1)),"""") "),"")
C23: =sum(H23:AA23) -> 1089401 | G23: BALANCE | H23: =SUMIFS(RC_IN[WT],RC_IN[BLOCK],H22,RC_IN[BLOCK LOC],H21)-SUMIFS(RC_OUT[WT],RC_OUT[BLOCK],H22,RC_OUT[BLOCK LOC],H21) -> 70120 | I23: =SUMIFS(RC_IN[WT],RC_IN[BLOCK],I22,RC_IN[BLOCK LOC],I21)-SUMIFS(RC_OUT[WT],RC_OUT[BLOCK],I22,RC_OUT[BLOCK LOC],I21) -> 69760 | J23: =SUMIFS(RC_IN[WT],RC_IN[BLOCK],J22,RC_IN[BLOCK LOC],J21)-SUMIFS(RC_OUT[WT],RC_OUT[BLOCK],J22,RC_OUT[BLOCK LOC],J21) -> 59860 | K23: =SUMIFS(RC_IN[WT],RC_IN[BLOCK],K22,RC_IN[BLOCK LOC],K21)-SUMIFS(RC_OUT[WT],RC_OUT[BLOCK],K22,RC_OUT[BLOCK LOC],K21) -> 64037 | L23: =SUMIFS(RC_IN[WT],RC_IN[BLOCK],L22,RC_IN[BLOCK LOC],L21)-SUMIFS(RC_OUT[WT],RC_OUT[BLOCK],L22,RC_OUT[BLOCK LOC],L21) -> 70612 | M23: =SUMIFS(RC_IN[WT],RC_IN[BLOCK],M22,RC_IN[BLOCK LOC],M21)-SUMIFS(RC_OUT[WT],RC_OUT[BLOCK],M22,RC_OUT[BLOCK LOC],M21) -> 0 | N23: =SUMIFS(RC_IN[WT],RC_IN[BLOCK],N22,RC_IN[BLOCK LOC],N21)-SUMIFS(RC_OUT[WT],RC_OUT[BLOCK],N22,RC_OUT[BLOCK LOC],N21) -> 64175 | O23: =SUMIFS(RC_IN[WT],RC_IN[BLOCK],O22,RC_IN[BLOCK LOC],O21)-SUMIFS(RC_OUT[WT],RC_OUT[BLOCK],O22,RC_OUT[BLOCK LOC],O21) -> 60489 | ... AA23: =SUMIFS(RC_IN[WT],RC_IN[BLOCK],AA22,RC_IN[BLOCK LOC],AA21)-SUMIFS(RC_OUT[WT],RC_OUT[BLOCK],AA22,RC_OUT[BLOCK LOC],AA21) -> 71845 | AC23: =sum(AE23:AG23) -> 0 | AD23: BALANCE | AE23: =SUMIFS(RC_IN[WT],RC_IN[BLOCK],AE22,RC_IN[BLOCK LOC],AE21)-SUMIFS(RC_OUT[WT],RC_OUT[BLOCK],AE22,RC_OUT[BLOCK LOC],AE21) -> 0 | AF23: =SUMIFS(RC_IN[WT],RC_IN[BLOCK],AF22,RC_IN[BLOCK LOC],AF21)-SUMIFS(RC_OUT[WT],RC_OUT[BLOCK],AF22,RC_OUT[BLOCK LOC],AF21) -> 0 | AG23: =SUMIFS(RC_IN[WT],RC_IN[BLOCK],AG22,RC_IN[BLOCK LOC],AG21)-SUMIFS(RC_OUT[WT],RC_OUT[BLOCK],AG22,RC_OUT[BLOCK LOC],AG21) -> 0
G24: BD | H24: =IFERROR(__xludf.DUMMYFUNCTION("IFERROR(SUMPRODUCT(FILTER(RC_IN[ASTM],RC_IN[BLOCK]=H22,RC_IN[BLOCK LOC]=H21),FILTER(RC_IN[WT],RC_IN[BLOCK]=H22,RC_IN[BLOCK LOC]=H21))/SUM(FILTER(RC_IN[WT],RC_IN[BLOCK]=H22,RC_IN[BLOCK LOC]=H21)),"""") "),0.0) -> 0 | I24: =IFERROR(__xludf.DUMMYFUNCTION("IFERROR(SUMPRODUCT(FILTER(RC_IN[ASTM],RC_IN[BLOCK]=I22,RC_IN[BLOCK LOC]=I21),FILTER(RC_IN[WT],RC_IN[BLOCK]=I22,RC_IN[BLOCK LOC]=I21))/SUM(FILTER(RC_IN[WT],RC_IN[BLOCK]=I22,RC_IN[BLOCK LOC]=I21)),"""") "),0.0) -> 0 | J24: =IFERROR(__xludf.DUMMYFUNCTION("IFERROR(SUMPRODUCT(FILTER(RC_IN[ASTM],RC_IN[BLOCK]=J22,RC_IN[BLOCK LOC]=J21),FILTER(RC_IN[WT],RC_IN[BLOCK]=J22,RC_IN[BLOCK LOC]=J21))/SUM(FILTER(RC_IN[WT],RC_IN[BLOCK]=J22,RC_IN[BLOCK LOC]=J21)),"""") "),0.0) -> 0 | K24: =IFERROR(__xludf.DUMMYFUNCTION("IFERROR(SUMPRODUCT(FILTER(RC_IN[ASTM],RC_IN[BLOCK]=K22,RC_IN[BLOCK LOC]=K21),FILTER(RC_IN[WT],RC_IN[BLOCK]=K22,RC_IN[BLOCK LOC]=K21))/SUM(FILTER(RC_IN[WT],RC_IN[BLOCK]=K22,RC_IN[BLOCK LOC]=K21)),"""") "),0.0) -> 0 | L24: =IFERROR(__xludf.DUMMYFUNCTION("IFERROR(SUMPRODUCT(FILTER(RC_IN[ASTM],RC_IN[BLOCK]=L22,RC_IN[BLOCK LOC]=L21),FILTER(RC_IN[WT],RC_IN[BLOCK]=L22,RC_IN[BLOCK LOC]=L21))/SUM(FILTER(RC_IN[WT],RC_IN[BLOCK]=L22,RC_IN[BLOCK LOC]=L21)),"""") "),0.0) -> 0 | M24: =IFERROR(__xludf.DUMMYFUNCTION("IFERROR(SUMPRODUCT(FILTER(RC_IN[ASTM],RC_IN[BLOCK]=M22,RC_IN[BLOCK LOC]=M21),FILTER(RC_IN[WT],RC_IN[BLOCK]=M22,RC_IN[BLOCK LOC]=M21))/SUM(FILTER(RC_IN[WT],RC_IN[BLOCK]=M22,RC_IN[BLOCK LOC]=M21)),"""") ")," ") | N24: =IFERROR(__xludf.DUMMYFUNCTION("IFERROR(SUMPRODUCT(FILTER(RC_IN[ASTM],RC_IN[BLOCK]=N22,RC_IN[BLOCK LOC]=N21),FILTER(RC_IN[WT],RC_IN[BLOCK]=N22,RC_IN[BLOCK LOC]=N21))/SUM(FILTER(RC_IN[WT],RC_IN[BLOCK]=N22,RC_IN[BLOCK LOC]=N21)),"""") "),1.410846513439813) -> 1.4108465 | O24: =IFERROR(__xludf.DUMMYFUNCTION("IFERROR(SUMPRODUCT(FILTER(RC_IN[ASTM],RC_IN[BLOCK]=O22,RC_IN[BLOCK LOC]=O21),FILTER(RC_IN[WT],RC_IN[BLOCK]=O22,RC_IN[BLOCK LOC]=O21))/SUM(FILTER(RC_IN[WT],RC_IN[BLOCK]=O22,RC_IN[BLOCK LOC]=O21)),"""") "),0.5770234588106928) -> 0.57702346 | P24: =IFERROR(__xludf.DUMMYFUNCTION("IFERROR(SUMPRODUCT(FILTER(RC_IN[ASTM],RC_IN[BLOCK]=P22,RC_IN[BLOCK LOC]=P21),FILTER(RC_IN[WT],RC_IN[BLOCK]=P22,RC_IN[BLOCK LOC]=P21))/SUM(FILTER(RC_IN[WT],RC_IN[BLOCK]=P22,RC_IN[BLOCK LOC]=P21)),"""") "),0.5717008006597711) -> 0.5717008 | Q24: =IFERROR(__xludf.DUMMYFUNCTION("IFERROR(SUMPRODUCT(FILTER(RC_IN[ASTM],RC_IN[BLOCK]=Q22,RC_IN[BLOCK LOC]=Q21),FILTER(RC_IN[WT],RC_IN[BLOCK]=Q22,RC_IN[BLOCK LOC]=Q21))/SUM(FILTER(RC_IN[WT],RC_IN[BLOCK]=Q22,RC_IN[BLOCK LOC]=Q21)),"""") ")," ") | R24: =IFERROR(__xludf.DUMMYFUNCTION("IFERROR(SUMPRODUCT(FILTER(RC_IN[ASTM],RC_IN[BLOCK]=R22,RC_IN[BLOCK LOC]=R21),FILTER(RC_IN[WT],RC_IN[BLOCK]=R22,RC_IN[BLOCK LOC]=R21))/SUM(FILTER(RC_IN[WT],RC_IN[BLOCK]=R22,RC_IN[BLOCK LOC]=R21)),"""") "),0.569234357792103) -> 0.56923436 | S24: =IFERROR(__xludf.DUMMYFUNCTION("IFERROR(SUMPRODUCT(FILTER(RC_IN[ASTM],RC_IN[BLOCK]=S22,RC_IN[BLOCK LOC]=S21),FILTER(RC_IN[WT],RC_IN[BLOCK]=S22,RC_IN[BLOCK LOC]=S21))/SUM(FILTER(RC_IN[WT],RC_IN[BLOCK]=S22,RC_IN[BLOCK LOC]=S21)),"""") "),0.575971589644685) -> 0.57597159 | T24: =IFERROR(__xludf.DUMMYFUNCTION("IFERROR(SUMPRODUCT(FILTER(RC_IN[ASTM],RC_IN[BLOCK]=T22,RC_IN[BLOCK LOC]=T21),FILTER(RC_IN[WT],RC_IN[BLOCK]=T22,RC_IN[BLOCK LOC]=T21))/SUM(FILTER(RC_IN[WT],RC_IN[BLOCK]=T22,RC_IN[BLOCK LOC]=T21)),"""") "),0.5719050936677504) -> 0.57190509 | U24: =IFERROR(__xludf.DUMMYFUNCTION("IFERROR(SUMPRODUCT(FILTER(RC_IN[ASTM],RC_IN[BLOCK]=U22,RC_IN[BLOCK LOC]=U21),FILTER(RC_IN[WT],RC_IN[BLOCK]=U22,RC_IN[BLOCK LOC]=U21))/SUM(FILTER(RC_IN[WT],RC_IN[BLOCK]=U22,RC_IN[BLOCK LOC]=U21)),"""") "),0.5702171826253899) -> 0.57021718 | V24: =IFERROR(__xludf.DUMMYFUNCTION("IFERROR(SUMPRODUCT(FILTER(RC_IN[ASTM],RC_IN[BLOCK]=V22,RC_IN[BLOCK LOC]=V21),FILTER(RC_IN[WT],RC_IN[BLOCK]=V22,RC_IN[BLOCK LOC]=V21))/SUM(FILTER(RC_IN[WT],RC_IN[BLOCK]=V22,RC_IN[BLOCK LOC]=V21)),"""") "),0.569055809477989) -> 0.56905581 | W24: =IFERROR(__xludf.DUMMYFUNCTION("IFERROR(SUMPRODUCT(FILTER(RC_IN[ASTM],RC_IN[BLOCK]=W22,RC_IN[BLOCK LOC]=W21),FILTER(RC_IN[WT],RC_IN[BLOCK]=W22,RC_IN[BLOCK LOC]=W21))/SUM(FILTER(RC_IN[WT],RC_IN[BLOCK]=W22,RC_IN[BLOCK LOC]=W21)),"""") ")," ") | X24: =IFERROR(__xludf.DUMMYFUNCTION("IFERROR(SUMPRODUCT(FILTER(RC_IN[ASTM],RC_IN[BLOCK]=X22,RC_IN[BLOCK LOC]=X21),FILTER(RC_IN[WT],RC_IN[BLOCK]=X22,RC_IN[BLOCK LOC]=X21))/SUM(FILTER(RC_IN[WT],RC_IN[BLOCK]=X22,RC_IN[BLOCK LOC]=X21)),"""") "),0.5782083875632683) -> 0.57820839 | Y24: =IFERROR(__xludf.DUMMYFUNCTION("IFERROR(SUMPRODUCT(FILTER(RC_IN[ASTM],RC_IN[BLOCK]=Y22,RC_IN[BLOCK LOC]=Y21),FILTER(RC_IN[WT],RC_IN[BLOCK]=Y22,RC_IN[BLOCK LOC]=Y21))/SUM(FILTER(RC_IN[WT],RC_IN[BLOCK]=Y22,RC_IN[BLOCK LOC]=Y21)),"""") "),0.5764725705878231) -> 0.57647257 | Z24: =IFERROR(__xludf.DUMMYFUNCTION("IFERROR(SUMPRODUCT(FILTER(RC_IN[ASTM],RC_IN[BLOCK]=Z22,RC_IN[BLOCK LOC]=Z21),FILTER(RC_IN[WT],RC_IN[BLOCK]=Z22,RC_IN[BLOCK LOC]=Z21))/SUM(FILTER(RC_IN[WT],RC_IN[BLOCK]=Z22,RC_IN[BLOCK LOC]=Z21)),"""") "),0.578) -> 0.578 | AA24: =IFERROR(__xludf.DUMMYFUNCTION("IFERROR(SUMPRODUCT(FILTER(RC_IN[ASTM],RC_IN[BLOCK]=AA22,RC_IN[BLOCK LOC]=AA21),FILTER(RC_IN[WT],RC_IN[BLOCK]=AA22,RC_IN[BLOCK LOC]=AA21))/SUM(FILTER(RC_IN[WT],RC_IN[BLOCK]=AA22,RC_IN[BLOCK LOC]=AA21)),"""") "),0.5757566288537824) -> 0.57575663 | AD24: BD | AE24: =IFERROR(__xludf.DUMMYFUNCTION("IFERROR(SUMPRODUCT(FILTER(RC_IN[ASTM],RC_IN[BLOCK]=AE22,RC_IN[BLOCK LOC]=AE21),FILTER(RC_IN[WT],RC_IN[BLOCK]=AE22,RC_IN[BLOCK LOC]=AE21))/SUM(FILTER(RC_IN[WT],RC_IN[BLOCK]=AE22,RC_IN[BLOCK LOC]=AE21)),"""") ")," ") | AF24: =IFERROR(__xludf.DUMMYFUNCTION("IFERROR(SUMPRODUCT(FILTER(RC_IN[ASTM],RC_IN[BLOCK]=AF22,RC_IN[BLOCK LOC]=AF21),FILTER(RC_IN[WT],RC_IN[BLOCK]=AF22,RC_IN[BLOCK LOC]=AF21))/SUM(FILTER(RC_IN[WT],RC_IN[BLOCK]=AF22,RC_IN[BLOCK LOC]=AF21)),"""") ")," ") | AG24: =IFERROR(__xludf.DUMMYFUNCTION("IFERROR(SUMPRODUCT(FILTER(RC_IN[ASTM],RC_IN[BLOCK]=AG22,RC_IN[BLOCK LOC]=AG21),FILTER(RC_IN[WT],RC_IN[BLOCK]=AG22,RC_IN[BLOCK LOC]=AG21))/SUM(FILTER(RC_IN[WT],RC_IN[BLOCK]=AG22,RC_IN[BLOCK LOC]=AG21)),"""") ")," ")
G25: ASH | H25: =IFERROR(__xludf.DUMMYFUNCTION("IFERROR(SUMPRODUCT(FILTER(RC_IN[ASH],RC_IN[BLOCK]=H22,RC_IN[BLOCK LOC]=H21),FILTER(RC_IN[WT],RC_IN[BLOCK]=H22,RC_IN[BLOCK LOC]=H21))/SUM(FILTER(RC_IN[WT],RC_IN[BLOCK]=H22,RC_IN[BLOCK LOC]=H21)),"""") "),0.0) -> 0 | I25: =IFERROR(__xludf.DUMMYFUNCTION("IFERROR(SUMPRODUCT(FILTER(RC_IN[ASH],RC_IN[BLOCK]=I22,RC_IN[BLOCK LOC]=I21),FILTER(RC_IN[WT],RC_IN[BLOCK]=I22,RC_IN[BLOCK LOC]=I21))/SUM(FILTER(RC_IN[WT],RC_IN[BLOCK]=I22,RC_IN[BLOCK LOC]=I21)),"""") "),0.0) -> 0 | J25: =IFERROR(__xludf.DUMMYFUNCTION("IFERROR(SUMPRODUCT(FILTER(RC_IN[ASH],RC_IN[BLOCK]=J22,RC_IN[BLOCK LOC]=J21),FILTER(RC_IN[WT],RC_IN[BLOCK]=J22,RC_IN[BLOCK LOC]=J21))/SUM(FILTER(RC_IN[WT],RC_IN[BLOCK]=J22,RC_IN[BLOCK LOC]=J21)),"""") "),0.0) -> 0 | K25: =IFERROR(__xludf.DUMMYFUNCTION("IFERROR(SUMPRODUCT(FILTER(RC_IN[ASH],RC_IN[BLOCK]=K22,RC_IN[BLOCK LOC]=K21),FILTER(RC_IN[WT],RC_IN[BLOCK]=K22,RC_IN[BLOCK LOC]=K21))/SUM(FILTER(RC_IN[WT],RC_IN[BLOCK]=K22,RC_IN[BLOCK LOC]=K21)),"""") "),0.0) -> 0 | L25: =IFERROR(__xludf.DUMMYFUNCTION("IFERROR(SUMPRODUCT(FILTER(RC_IN[ASH],RC_IN[BLOCK]=L22,RC_IN[BLOCK LOC]=L21),FILTER(RC_IN[WT],RC_IN[BLOCK]=L22,RC_IN[BLOCK LOC]=L21))/SUM(FILTER(RC_IN[WT],RC_IN[BLOCK]=L22,RC_IN[BLOCK LOC]=L21)),"""") "),0.0) -> 0 | M25: =IFERROR(__xludf.DUMMYFUNCTION("IFERROR(SUMPRODUCT(FILTER(RC_IN[ASH],RC_IN[BLOCK]=M22,RC_IN[BLOCK LOC]=M21),FILTER(RC_IN[WT],RC_IN[BLOCK]=M22,RC_IN[BLOCK LOC]=M21))/SUM(FILTER(RC_IN[WT],RC_IN[BLOCK]=M22,RC_IN[BLOCK LOC]=M21)),"""") ")," ") | N25: =IFERROR(__xludf.DUMMYFUNCTION("IFERROR(SUMPRODUCT(FILTER(RC_IN[ASH],RC_IN[BLOCK]=N22,RC_IN[BLOCK LOC]=N21),FILTER(RC_IN[WT],RC_IN[BLOCK]=N22,RC_IN[BLOCK LOC]=N21))/SUM(FILTER(RC_IN[WT],RC_IN[BLOCK]=N22,RC_IN[BLOCK LOC]=N21)),"""") "),4.429709388391117) -> 4.4297094 | O25: =IFERROR(__xludf.DUMMYFUNCTION("IFERROR(SUMPRODUCT(FILTER(RC_IN[ASH],RC_IN[BLOCK]=O22,RC_IN[BLOCK LOC]=O21),FILTER(RC_IN[WT],RC_IN[BLOCK]=O22,RC_IN[BLOCK LOC]=O21))/SUM(FILTER(RC_IN[WT],RC_IN[BLOCK]=O22,RC_IN[BLOCK LOC]=O21)),"""") "),4.7257463340442065) -> 4.7257463 | P25: =IFERROR(__xludf.DUMMYFUNCTION("IFERROR(SUMPRODUCT(FILTER(RC_IN[ASH],RC_IN[BLOCK]=P22,RC_IN[BLOCK LOC]=P21),FILTER(RC_IN[WT],RC_IN[BLOCK]=P22,RC_IN[BLOCK LOC]=P21))/SUM(FILTER(RC_IN[WT],RC_IN[BLOCK]=P22,RC_IN[BLOCK LOC]=P21)),"""") "),4.0433519466684995) -> 4.0433519 | Q25: =IFERROR(__xludf.DUMMYFUNCTION("IFERROR(SUMPRODUCT(FILTER(RC_IN[ASH],RC_IN[BLOCK]=Q22,RC_IN[BLOCK LOC]=Q21),FILTER(RC_IN[WT],RC_IN[BLOCK]=Q22,RC_IN[BLOCK LOC]=Q21))/SUM(FILTER(RC_IN[WT],RC_IN[BLOCK]=Q22,RC_IN[BLOCK LOC]=Q21)),"""") ")," ") | R25: =IFERROR(__xludf.DUMMYFUNCTION("IFERROR(SUMPRODUCT(FILTER(RC_IN[ASH],RC_IN[BLOCK]=R22,RC_IN[BLOCK LOC]=R21),FILTER(RC_IN[WT],RC_IN[BLOCK]=R22,RC_IN[BLOCK LOC]=R21))/SUM(FILTER(RC_IN[WT],RC_IN[BLOCK]=R22,RC_IN[BLOCK LOC]=R21)),"""") "),4.69828563457218) -> 4.6982856 | S25: =IFERROR(__xludf.DUMMYFUNCTION("IFERROR(SUMPRODUCT(FILTER(RC_IN[ASH],RC_IN[BLOCK]=S22,RC_IN[BLOCK LOC]=S21),FILTER(RC_IN[WT],RC_IN[BLOCK]=S22,RC_IN[BLOCK LOC]=S21))/SUM(FILTER(RC_IN[WT],RC_IN[BLOCK]=S22,RC_IN[BLOCK LOC]=S21)),"""") "),3.388331726133076) -> 3.3883317 | T25: =IFERROR(__xludf.DUMMYFUNCTION("IFERROR(SUMPRODUCT(FILTER(RC_IN[ASH],RC_IN[BLOCK]=T22,RC_IN[BLOCK LOC]=T21),FILTER(RC_IN[WT],RC_IN[BLOCK]=T22,RC_IN[BLOCK LOC]=T21))/SUM(FILTER(RC_IN[WT],RC_IN[BLOCK]=T22,RC_IN[BLOCK LOC]=T21)),"""") "),3.7565882231511583) -> 3.7565882 | U25: =IFERROR(__xludf.DUMMYFUNCTION("IFERROR(SUMPRODUCT(FILTER(RC_IN[ASH],RC_IN[BLOCK]=U22,RC_IN[BLOCK LOC]=U21),FILTER(RC_IN[WT],RC_IN[BLOCK]=U22,RC_IN[BLOCK LOC]=U21))/SUM(FILTER(RC_IN[WT],RC_IN[BLOCK]=U22,RC_IN[BLOCK LOC]=U21)),"""") "),3.0123366130709543) -> 3.0123366 | V25: =IFERROR(__xludf.DUMMYFUNCTION("IFERROR(SUMPRODUCT(FILTER(RC_IN[ASH],RC_IN[BLOCK]=V22,RC_IN[BLOCK LOC]=V21),FILTER(RC_IN[WT],RC_IN[BLOCK]=V22,RC_IN[BLOCK LOC]=V21))/SUM(FILTER(RC_IN[WT],RC_IN[BLOCK]=V22,RC_IN[BLOCK LOC]=V21)),"""") "),3.278232699863684) -> 3.2782327 | W25: =IFERROR(__xludf.DUMMYFUNCTION("IFERROR(SUMPRODUCT(FILTER(RC_IN[ASH],RC_IN[BLOCK]=W22,RC_IN[BLOCK LOC]=W21),FILTER(RC_IN[WT],RC_IN[BLOCK]=W22,RC_IN[BLOCK LOC]=W21))/SUM(FILTER(RC_IN[WT],RC_IN[BLOCK]=W22,RC_IN[BLOCK LOC]=W21)),"""") ")," ") | X25: =IFERROR(__xludf.DUMMYFUNCTION("IFERROR(SUMPRODUCT(FILTER(RC_IN[ASH],RC_IN[BLOCK]=X22,RC_IN[BLOCK LOC]=X21),FILTER(RC_IN[WT],RC_IN[BLOCK]=X22,RC_IN[BLOCK LOC]=X21))/SUM(FILTER(RC_IN[WT],RC_IN[BLOCK]=X22,RC_IN[BLOCK LOC]=X21)),"""") "),2.9046131597975418) -> 2.9046132 | Y25: =IFERROR(__xludf.DUMMYFUNCTION("IFERROR(SUMPRODUCT(FILTER(RC_IN[ASH],RC_IN[BLOCK]=Y22,RC_IN[BLOCK LOC]=Y21),FILTER(RC_IN[WT],RC_IN[BLOCK]=Y22,RC_IN[BLOCK LOC]=Y21))/SUM(FILTER(RC_IN[WT],RC_IN[BLOCK]=Y22,RC_IN[BLOCK LOC]=Y21)),"""") "),2.9135731801303164) -> 2.9135732 | Z25: =IFERROR(__xludf.DUMMYFUNCTION("IFERROR(SUMPRODUCT(FILTER(RC_IN[ASH],RC_IN[BLOCK]=Z22,RC_IN[BLOCK LOC]=Z21),FILTER(RC_IN[WT],RC_IN[BLOCK]=Z22,RC_IN[BLOCK LOC]=Z21))/SUM(FILTER(RC_IN[WT],RC_IN[BLOCK]=Z22,RC_IN[BLOCK LOC]=Z21)),"""") "),2.1348219828373196) -> 2.134822 | AA25: =IFERROR(__xludf.DUMMYFUNCTION("IFERROR(SUMPRODUCT(FILTER(RC_IN[ASH],RC_IN[BLOCK]=AA22,RC_IN[BLOCK LOC]=AA21),FILTER(RC_IN[WT],RC_IN[BLOCK]=AA22,RC_IN[BLOCK LOC]=AA21))/SUM(FILTER(RC_IN[WT],RC_IN[BLOCK]=AA22,RC_IN[BLOCK LOC]=AA21)),"""") "),2.7095392859628364) -> 2.7095393 | AD25: ASH | AE25: =IFERROR(__xludf.DUMMYFUNCTION("IFERROR(SUMPRODUCT(FILTER(RC_IN[ASH],RC_IN[BLOCK]=AE22,RC_IN[BLOCK LOC]=AE21),FILTER(RC_IN[WT],RC_IN[BLOCK]=AE22,RC_IN[BLOCK LOC]=AE21))/SUM(FILTER(RC_IN[WT],RC_IN[BLOCK]=AE22,RC_IN[BLOCK LOC]=AE21)),"""") ")," ") | AF25: =IFERROR(__xludf.DUMMYFUNCTION("IFERROR(SUMPRODUCT(FILTER(RC_IN[ASH],RC_IN[BLOCK]=AF22,RC_IN[BLOCK LOC]=AF21),FILTER(RC_IN[WT],RC_IN[BLOCK]=AF22,RC_IN[BLOCK LOC]=AF21))/SUM(FILTER(RC_IN[WT],RC_IN[BLOCK]=AF22,RC_IN[BLOCK LOC]=AF21)),"""") ")," ") | AG25: =IFERROR(__xludf.DUMMYFUNCTION("IFERROR(SUMPRODUCT(FILTER(RC_IN[ASH],RC_IN[BLOCK]=AG22,RC_IN[BLOCK LOC]=AG21),FILTER(RC_IN[WT],RC_IN[BLOCK]=AG22,RC_IN[BLOCK LOC]=AG21))/SUM(FILTER(RC_IN[WT],RC_IN[BLOCK]=AG22,RC_IN[BLOCK LOC]=AG21)),"""") ")," ")
G26: MC | H26: =IFERROR(__xludf.DUMMYFUNCTION("IFERROR(SUMPRODUCT(FILTER(RC_IN[MC],RC_IN[BLOCK]=H22,RC_IN[BLOCK LOC]=H21),FILTER(RC_IN[WT],RC_IN[BLOCK]=H22,RC_IN[BLOCK LOC]=H21)) / SUM(FILTER(RC_IN[WT],RC_IN[BLOCK]=H22,RC_IN[BLOCK LOC]=H21)),"""") "),11.5) -> 11.5 | I26: =IFERROR(__xludf.DUMMYFUNCTION("IFERROR(SUMPRODUCT(FILTER(RC_IN[MC],RC_IN[BLOCK]=I22,RC_IN[BLOCK LOC]=I21),FILTER(RC_IN[WT],RC_IN[BLOCK]=I22,RC_IN[BLOCK LOC]=I21)) / SUM(FILTER(RC_IN[WT],RC_IN[BLOCK]=I22,RC_IN[BLOCK LOC]=I21)),"""") "),14.4) -> 14.4 | J26: =IFERROR(__xludf.DUMMYFUNCTION("IFERROR(SUMPRODUCT(FILTER(RC_IN[MC],RC_IN[BLOCK]=J22,RC_IN[BLOCK LOC]=J21),FILTER(RC_IN[WT],RC_IN[BLOCK]=J22,RC_IN[BLOCK LOC]=J21)) / SUM(FILTER(RC_IN[WT],RC_IN[BLOCK]=J22,RC_IN[BLOCK LOC]=J21)),"""") "),11.6) -> 11.6 | K26: =IFERROR(__xludf.DUMMYFUNCTION("IFERROR(SUMPRODUCT(FILTER(RC_IN[MC],RC_IN[BLOCK]=K22,RC_IN[BLOCK LOC]=K21),FILTER(RC_IN[WT],RC_IN[BLOCK]=K22,RC_IN[BLOCK LOC]=K21)) / SUM(FILTER(RC_IN[WT],RC_IN[BLOCK]=K22,RC_IN[BLOCK LOC]=K21)),"""") "),12.0) -> 12 | L26: =IFERROR(__xludf.DUMMYFUNCTION("IFERROR(SUMPRODUCT(FILTER(RC_IN[MC],RC_IN[BLOCK]=L22,RC_IN[BLOCK LOC]=L21),FILTER(RC_IN[WT],RC_IN[BLOCK]=L22,RC_IN[BLOCK LOC]=L21)) / SUM(FILTER(RC_IN[WT],RC_IN[BLOCK]=L22,RC_IN[BLOCK LOC]=L21)),"""") "),12.0) -> 12 | M26: =IFERROR(__xludf.DUMMYFUNCTION("IFERROR(SUMPRODUCT(FILTER(RC_IN[MC],RC_IN[BLOCK]=M22,RC_IN[BLOCK LOC]=M21),FILTER(RC_IN[WT],RC_IN[BLOCK]=M22,RC_IN[BLOCK LOC]=M21)) / SUM(FILTER(RC_IN[WT],RC_IN[BLOCK]=M22,RC_IN[BLOCK LOC]=M21)),"""") "),"") | N26: =IFERROR(__xludf.DUMMYFUNCTION("IFERROR(SUMPRODUCT(FILTER(RC_IN[MC],RC_IN[BLOCK]=N22,RC_IN[BLOCK LOC]=N21),FILTER(RC_IN[WT],RC_IN[BLOCK]=N22,RC_IN[BLOCK LOC]=N21)) / SUM(FILTER(RC_IN[WT],RC_IN[BLOCK]=N22,RC_IN[BLOCK LOC]=N21)),"""") "),10.422619400077911) -> 10.422619 | O26: =IFERROR(__xludf.DUMMYFUNCTION("IFERROR(SUMPRODUCT(FILTER(RC_IN[MC],RC_IN[BLOCK]=O22,RC_IN[BLOCK LOC]=O21),FILTER(RC_IN[WT],RC_IN[BLOCK]=O22,RC_IN[BLOCK LOC]=O21)) / SUM(FILTER(RC_IN[WT],RC_IN[BLOCK]=O22,RC_IN[BLOCK LOC]=O21)),"""") "),10.258761593016912) -> 10.258762 | P26: =IFERROR(__xludf.DUMMYFUNCTION("IFERROR(SUMPRODUCT(FILTER(RC_IN[MC],RC_IN[BLOCK]=P22,RC_IN[BLOCK LOC]=P21),FILTER(RC_IN[WT],RC_IN[BLOCK]=P22,RC_IN[BLOCK LOC]=P21)) / SUM(FILTER(RC_IN[WT],RC_IN[BLOCK]=P22,RC_IN[BLOCK LOC]=P21)),"""") "),11.28150579017903) -> 11.281506 | Q26: =IFERROR(__xludf.DUMMYFUNCTION("IFERROR(SUMPRODUCT(FILTER(RC_IN[MC],RC_IN[BLOCK]=Q22,RC_IN[BLOCK LOC]=Q21),FILTER(RC_IN[WT],RC_IN[BLOCK]=Q22,RC_IN[BLOCK LOC]=Q21)) / SUM(FILTER(RC_IN[WT],RC_IN[BLOCK]=Q22,RC_IN[BLOCK LOC]=Q21)),"""") "),"") | R26: =IFERROR(__xludf.DUMMYFUNCTION("IFERROR(SUMPRODUCT(FILTER(RC_IN[MC],RC_IN[BLOCK]=R22,RC_IN[BLOCK LOC]=R21),FILTER(RC_IN[WT],RC_IN[BLOCK]=R22,RC_IN[BLOCK LOC]=R21)) / SUM(FILTER(RC_IN[WT],RC_IN[BLOCK]=R22,RC_IN[BLOCK LOC]=R21)),"""") "),11.753734600079294) -> 11.753735 | S26: =IFERROR(__xludf.DUMMYFUNCTION("IFERROR(SUMPRODUCT(FILTER(RC_IN[MC],RC_IN[BLOCK]=S22,RC_IN[BLOCK LOC]=S21),FILTER(RC_IN[WT],RC_IN[BLOCK]=S22,RC_IN[BLOCK LOC]=S21)) / SUM(FILTER(RC_IN[WT],RC_IN[BLOCK]=S22,RC_IN[BLOCK LOC]=S21)),"""") "),11.898473407017281) -> 11.898473 | T26: =IFERROR(__xludf.DUMMYFUNCTION("IFERROR(SUMPRODUCT(FILTER(RC_IN[MC],RC_IN[BLOCK]=T22,RC_IN[BLOCK LOC]=T21),FILTER(RC_IN[WT],RC_IN[BLOCK]=T22,RC_IN[BLOCK LOC]=T21)) / SUM(FILTER(RC_IN[WT],RC_IN[BLOCK]=T22,RC_IN[BLOCK LOC]=T21)),"""") "),14.024101598114605) -> 14.024102 | U26: =IFERROR(__xludf.DUMMYFUNCTION("IFERROR(SUMPRODUCT(FILTER(RC_IN[MC],RC_IN[BLOCK]=U22,RC_IN[BLOCK LOC]=U21),FILTER(RC_IN[WT],RC_IN[BLOCK]=U22,RC_IN[BLOCK LOC]=U21)) / SUM(FILTER(RC_IN[WT],RC_IN[BLOCK]=U22,RC_IN[BLOCK LOC]=U21)),"""") "),10.032730981521478) -> 10.032731 | V26: =IFERROR(__xludf.DUMMYFUNCTION("IFERROR(SUMPRODUCT(FILTER(RC_IN[MC],RC_IN[BLOCK]=V22,RC_IN[BLOCK LOC]=V21),FILTER(RC_IN[WT],RC_IN[BLOCK]=V22,RC_IN[BLOCK LOC]=V21)) / SUM(FILTER(RC_IN[WT],RC_IN[BLOCK]=V22,RC_IN[BLOCK LOC]=V21)),"""") "),9.416841472215541) -> 9.4168415 | W26: =IFERROR(__xludf.DUMMYFUNCTION("IFERROR(SUMPRODUCT(FILTER(RC_IN[MC],RC_IN[BLOCK]=W22,RC_IN[BLOCK LOC]=W21),FILTER(RC_IN[WT],RC_IN[BLOCK]=W22,RC_IN[BLOCK LOC]=W21)) / SUM(FILTER(RC_IN[WT],RC_IN[BLOCK]=W22,RC_IN[BLOCK LOC]=W21)),"""") "),"") | X26: =IFERROR(__xludf.DUMMYFUNCTION("IFERROR(SUMPRODUCT(FILTER(RC_IN[MC],RC_IN[BLOCK]=X22,RC_IN[BLOCK LOC]=X21),FILTER(RC_IN[WT],RC_IN[BLOCK]=X22,RC_IN[BLOCK LOC]=X21)) / SUM(FILTER(RC_IN[WT],RC_IN[BLOCK]=X22,RC_IN[BLOCK LOC]=X21)),"""") "),9.81245697758496) -> 9.812457 | Y26: =IFERROR(__xludf.DUMMYFUNCTION("IFERROR(SUMPRODUCT(FILTER(RC_IN[MC],RC_IN[BLOCK]=Y22,RC_IN[BLOCK LOC]=Y21),FILTER(RC_IN[WT],RC_IN[BLOCK]=Y22,RC_IN[BLOCK LOC]=Y21)) / SUM(FILTER(RC_IN[WT],RC_IN[BLOCK]=Y22,RC_IN[BLOCK LOC]=Y21)),"""") "),11.488948364043999) -> 11.488948 | Z26: =IFERROR(__xludf.DUMMYFUNCTION("IFERROR(SUMPRODUCT(FILTER(RC_IN[MC],RC_IN[BLOCK]=Z22,RC_IN[BLOCK LOC]=Z21),FILTER(RC_IN[WT],RC_IN[BLOCK]=Z22,RC_IN[BLOCK LOC]=Z21)) / SUM(FILTER(RC_IN[WT],RC_IN[BLOCK]=Z22,RC_IN[BLOCK LOC]=Z21)),"""") "),10.179979003103888) -> 10.179979 | AA26: =IFERROR(__xludf.DUMMYFUNCTION("IFERROR(SUMPRODUCT(FILTER(RC_IN[MC],RC_IN[BLOCK]=AA22,RC_IN[BLOCK LOC]=AA21),FILTER(RC_IN[WT],RC_IN[BLOCK]=AA22,RC_IN[BLOCK LOC]=AA21)) / SUM(FILTER(RC_IN[WT],RC_IN[BLOCK]=AA22,RC_IN[BLOCK LOC]=AA21)),"""") "),10.858365926647645) -> 10.858366 | AD26: MC | AE26: =IFERROR(__xludf.DUMMYFUNCTION("IFERROR(SUMPRODUCT(FILTER(RC_IN[MC],RC_IN[BLOCK]=AE22,RC_IN[BLOCK LOC]=AE21),FILTER(RC_IN[WT],RC_IN[BLOCK]=AE22,RC_IN[BLOCK LOC]=AE21)) / SUM(FILTER(RC_IN[WT],RC_IN[BLOCK]=AE22,RC_IN[BLOCK LOC]=AE21)),"""") "),"") | AF26: =IFERROR(__xludf.DUMMYFUNCTION("IFERROR(SUMPRODUCT(FILTER(RC_IN[MC],RC_IN[BLOCK]=AF22,RC_IN[BLOCK LOC]=AF21),FILTER(RC_IN[WT],RC_IN[BLOCK]=AF22,RC_IN[BLOCK LOC]=AF21)) / SUM(FILTER(RC_IN[WT],RC_IN[BLOCK]=AF22,RC_IN[BLOCK LOC]=AF21)),"""") "),"") | AG26: =IFERROR(__xludf.DUMMYFUNCTION("IFERROR(SUMPRODUCT(FILTER(RC_IN[MC],RC_IN[BLOCK]=AG22,RC_IN[BLOCK LOC]=AG21),FILTER(RC_IN[WT],RC_IN[BLOCK]=AG22,RC_IN[BLOCK LOC]=AG21)) / SUM(FILTER(RC_IN[WT],RC_IN[BLOCK]=AG22,RC_IN[BLOCK LOC]=AG21)),"""") "),"")
D27: =D21 -> B | G27: B | H27: =CONCATENATE($D27,"-",H$1,$G27) -> B-1B | I27: =CONCATENATE($D27,"-",I$1,$G27) -> B-2B | J27: =CONCATENATE($D27,"-",J$1,$G27) -> B-3B | K27: =CONCATENATE($D27,"-",K$1,$G27) -> B-4B | L27: =CONCATENATE($D27,"-",L$1,$G27) -> B-5B | M27: =CONCATENATE($D27,"-",M$1,$G27) -> B-6B | N27: =CONCATENATE($D27,"-",N$1,$G27) -> B-7B | O27: =CONCATENATE($D27,"-",O$1,$G27) -> B-8B | ... AA27: =CONCATENATE($D27,"-",AA$1,$G27) -> B-20B | AC27: PCB | AD27: B | AE27: =CONCATENATE($AC27,"-",AE$1,$AD27) -> PCB-15B | AF27: =CONCATENATE($AC27,"-",AF$1,$AD27) -> PCB-16B | AG27: =CONCATENATE($AC27,"-",AG$1,$AD27) -> PCB-17B
F28: =IF(COUNTIF(G28:Z28,"ERROR")=0,"CLEAR",COUNTIF(G28:Z28,"ERROR")&" ERRORS") -> CLEAR | G28: BLOCK | H28: =IFERROR(__xludf.DUMMYFUNCTION("IFERROR(IF(COUNTA(UNIQUE(FILTER(RC_IN[BLOCK],RC_IN[BLOCK LOC]=H27,RC_IN[STATE]<>""CLOSED"")))>1,""ERROR"",INDEX(UNIQUE(FILTER(RC_IN[BLOCK],RC_IN[BLOCK LOC]=H27,RC_IN[STATE]<>""CLOSED"")),1)),"""") "),"SEPT-23-BLK1") -> SEPT-23-BLK1 | I28: =IFERROR(__xludf.DUMMYFUNCTION("IFERROR(IF(COUNTA(UNIQUE(FILTER(RC_IN[BLOCK],RC_IN[BLOCK LOC]=I27,RC_IN[STATE]<>""CLOSED"")))>1,""ERROR"",INDEX(UNIQUE(FILTER(RC_IN[BLOCK],RC_IN[BLOCK LOC]=I27,RC_IN[STATE]<>""CLOSED"")),1)),"""") "),"AUG-23-BLK5") -> AUG-23-BLK5 | J28: =IFERROR(__xludf.DUMMYFUNCTION("IFERROR(IF(COUNTA(UNIQUE(FILTER(RC_IN[BLOCK],RC_IN[BLOCK LOC]=J27,RC_IN[STATE]<>""CLOSED"")))>1,""ERROR"",INDEX(UNIQUE(FILTER(RC_IN[BLOCK],RC_IN[BLOCK LOC]=J27,RC_IN[STATE]<>""CLOSED"")),1)),"""") "),"AUG-23-BLK4") -> AUG-23-BLK4 | K28: =IFERROR(__xludf.DUMMYFUNCTION("IFERROR(IF(COUNTA(UNIQUE(FILTER(RC_IN[BLOCK],RC_IN[BLOCK LOC]=K27,RC_IN[STATE]<>""CLOSED"")))>1,""ERROR"",INDEX(UNIQUE(FILTER(RC_IN[BLOCK],RC_IN[BLOCK LOC]=K27,RC_IN[STATE]<>""CLOSED"")),1)),"""") "),"AUG-23-BLK3") -> AUG-23-BLK3 | L28: =IFERROR(__xludf.DUMMYFUNCTION("IFERROR(IF(COUNTA(UNIQUE(FILTER(RC_IN[BLOCK],RC_IN[BLOCK LOC]=L27,RC_IN[STATE]<>""CLOSED"")))>1,""ERROR"",INDEX(UNIQUE(FILTER(RC_IN[BLOCK],RC_IN[BLOCK LOC]=L27,RC_IN[STATE]<>""CLOSED"")),1)),"""") "),"AUG-23-BLK2") -> AUG-23-BLK2 | M28: =IFERROR(__xludf.DUMMYFUNCTION("IFERROR(IF(COUNTA(UNIQUE(FILTER(RC_IN[BLOCK],RC_IN[BLOCK LOC]=M27,RC_IN[STATE]<>""CLOSED"")))>1,""ERROR"",INDEX(UNIQUE(FILTER(RC_IN[BLOCK],RC_IN[BLOCK LOC]=M27,RC_IN[STATE]<>""CLOSED"")),1)),"""") "),"") | N28: =IFERROR(__xludf.DUMMYFUNCTION("IFERROR(IF(COUNTA(UNIQUE(FILTER(RC_IN[BLOCK],RC_IN[BLOCK LOC]=N27,RC_IN[STATE]<>""CLOSED"")))>1,""ERROR"",INDEX(UNIQUE(FILTER(RC_IN[BLOCK],RC_IN[BLOCK LOC]=N27,RC_IN[STATE]<>""CLOSED"")),1)),"""") "),"JULY-23-BLK4") -> JULY-23-BLK4 | O28: =IFERROR(__xludf.DUMMYFUNCTION("IFERROR(IF(COUNTA(UNIQUE(FILTER(RC_IN[BLOCK],RC_IN[BLOCK LOC]=O27,RC_IN[STATE]<>""CLOSED"")))>1,""ERROR"",INDEX(UNIQUE(FILTER(RC_IN[BLOCK],RC_IN[BLOCK LOC]=O27,RC_IN[STATE]<>""CLOSED"")),1)),"""") "),"FEB-24-BLK1") -> FEB-24-BLK1 | P28: =IFERROR(__xludf.DUMMYFUNCTION("IFERROR(IF(COUNTA(UNIQUE(FILTER(RC_IN[BLOCK],RC_IN[BLOCK LOC]=P27,RC_IN[STATE]<>""CLOSED"")))>1,""ERROR"",INDEX(UNIQUE(FILTER(RC_IN[BLOCK],RC_IN[BLOCK LOC]=P27,RC_IN[STATE]<>""CLOSED"")),1)),"""") "),"FEB-24-BLK5") -> FEB-24-BLK5 | Q28: =IFERROR(__xludf.DUMMYFUNCTION("IFERROR(IF(COUNTA(UNIQUE(FILTER(RC_IN[BLOCK],RC_IN[BLOCK LOC]=Q27,RC_IN[STATE]<>""CLOSED"")))>1,""ERROR"",INDEX(UNIQUE(FILTER(RC_IN[BLOCK],RC_IN[BLOCK LOC]=Q27,RC_IN[STATE]<>""CLOSED"")),1)),"""") "),"") | R28: =IFERROR(__xludf.DUMMYFUNCTION("IFERROR(IF(COUNTA(UNIQUE(FILTER(RC_IN[BLOCK],RC_IN[BLOCK LOC]=R27,RC_IN[STATE]<>""CLOSED"")))>1,""ERROR"",INDEX(UNIQUE(FILTER(RC_IN[BLOCK],RC_IN[BLOCK LOC]=R27,RC_IN[STATE]<>""CLOSED"")),1)),"""") "),"JAN-24-BLK1") -> JAN-24-BLK1 | S28: =IFERROR(__xludf.DUMMYFUNCTION("IFERROR(IF(COUNTA(UNIQUE(FILTER(RC_IN[BLOCK],RC_IN[BLOCK LOC]=S27,RC_IN[STATE]<>""CLOSED"")))>1,""ERROR"",INDEX(UNIQUE(FILTER(RC_IN[BLOCK],RC_IN[BLOCK LOC]=S27,RC_IN[STATE]<>""CLOSED"")),1)),"""") "),"JAN-24-BLK2") -> JAN-24-BLK2 | T28: =IFERROR(__xludf.DUMMYFUNCTION("IFERROR(IF(COUNTA(UNIQUE(FILTER(RC_IN[BLOCK],RC_IN[BLOCK LOC]=T27,RC_IN[STATE]<>""CLOSED"")))>1,""ERROR"",INDEX(UNIQUE(FILTER(RC_IN[BLOCK],RC_IN[BLOCK LOC]=T27,RC_IN[STATE]<>""CLOSED"")),1)),"""") "),"FEB-24-BLK2") -> FEB-24-BLK2 | U28: =IFERROR(__xludf.DUMMYFUNCTION("IFERROR(IF(COUNTA(UNIQUE(FILTER(RC_IN[BLOCK],RC_IN[BLOCK LOC]=U27,RC_IN[STATE]<>""CLOSED"")))>1,""ERROR"",INDEX(UNIQUE(FILTER(RC_IN[BLOCK],RC_IN[BLOCK LOC]=U27,RC_IN[STATE]<>""CLOSED"")),1)),"""") "),"MAR-24-BLK1") -> MAR-24-BLK1 | V28: =IFERROR(__xludf.DUMMYFUNCTION("IFERROR(IF(COUNTA(UNIQUE(FILTER(RC_IN[BLOCK],RC_IN[BLOCK LOC]=V27,RC_IN[STATE]<>""CLOSED"")))>1,""ERROR"",INDEX(UNIQUE(FILTER(RC_IN[BLOCK],RC_IN[BLOCK LOC]=V27,RC_IN[STATE]<>""CLOSED"")),1)),"""") "),"MAR-24-BLK5") -> MAR-24-BLK5 | W28: =IFERROR(__xludf.DUMMYFUNCTION("IFERROR(IF(COUNTA(UNIQUE(FILTER(RC_IN[BLOCK],RC_IN[BLOCK LOC]=W27,RC_IN[STATE]<>""CLOSED"")))>1,""ERROR"",INDEX(UNIQUE(FILTER(RC_IN[BLOCK],RC_IN[BLOCK LOC]=W27,RC_IN[STATE]<>""CLOSED"")),1)),"""") "),"") | X28: =IFERROR(__xludf.DUMMYFUNCTION("IFERROR(IF(COUNTA(UNIQUE(FILTER(RC_IN[BLOCK],RC_IN[BLOCK LOC]=X27,RC_IN[STATE]<>""CLOSED"")))>1,""ERROR"",INDEX(UNIQUE(FILTER(RC_IN[BLOCK],RC_IN[BLOCK LOC]=X27,RC_IN[STATE]<>""CLOSED"")),1)),"""") "),"JAN-24-BLK4") -> JAN-24-BLK4 | Y28: =IFERROR(__xludf.DUMMYFUNCTION("IFERROR(IF(COUNTA(UNIQUE(FILTER(RC_IN[BLOCK],RC_IN[BLOCK LOC]=Y27,RC_IN[STATE]<>""CLOSED"")))>1,""ERROR"",INDEX(UNIQUE(FILTER(RC_IN[BLOCK],RC_IN[BLOCK LOC]=Y27,RC_IN[STATE]<>""CLOSED"")),1)),"""") "),"FEB-24-BLK3") -> FEB-24-BLK3 | Z28: =IFERROR(__xludf.DUMMYFUNCTION("IFERROR(IF(COUNTA(UNIQUE(FILTER(RC_IN[BLOCK],RC_IN[BLOCK LOC]=Z27,RC_IN[STATE]<>""CLOSED"")))>1,""ERROR"",INDEX(UNIQUE(FILTER(RC_IN[BLOCK],RC_IN[BLOCK LOC]=Z27,RC_IN[STATE]<>""CLOSED"")),1)),"""") "),"MAR-24-BLK2") -> MAR-24-BLK2 | AA28: =IFERROR(__xludf.DUMMYFUNCTION("IFERROR(IF(COUNTA(UNIQUE(FILTER(RC_IN[BLOCK],RC_IN[BLOCK LOC]=AA27,RC_IN[STATE]<>""CLOSED"")))>1,""ERROR"",INDEX(UNIQUE(FILTER(RC_IN[BLOCK],RC_IN[BLOCK LOC]=AA27,RC_IN[STATE]<>""CLOSED"")),1)),"""") "),"APR-24-BLK1") -> APR-24-BLK1 | AD28: BLOCK | AE28: =IFERROR(__xludf.DUMMYFUNCTION("IFERROR(IF(COUNTA(UNIQUE(FILTER(RC_IN[BLOCK],RC_IN[BLOCK LOC]=AE27,RC_IN[STATE]<>""CLOSED"")))>1,""ERROR"",INDEX(UNIQUE(FILTER(RC_IN[BLOCK],RC_IN[BLOCK LOC]=AE27,RC_IN[STATE]<>""CLOSED"")),1)),"""") "),"") | AF28: =IFERROR(__xludf.DUMMYFUNCTION("IFERROR(IF(COUNTA(UNIQUE(FILTER(RC_IN[BLOCK],RC_IN[BLOCK LOC]=AF27,RC_IN[STATE]<>""CLOSED"")))>1,""ERROR"",INDEX(UNIQUE(FILTER(RC_IN[BLOCK],RC_IN[BLOCK LOC]=AF27,RC_IN[STATE]<>""CLOSED"")),1)),"""") "),"") | AG28: =IFERROR(__xludf.DUMMYFUNCTION("IFERROR(IF(COUNTA(UNIQUE(FILTER(RC_IN[BLOCK],RC_IN[BLOCK LOC]=AG27,RC_IN[STATE]<>""CLOSED"")))>1,""ERROR"",INDEX(UNIQUE(FILTER(RC_IN[BLOCK],RC_IN[BLOCK LOC]=AG27,RC_IN[STATE]<>""CLOSED"")),1)),"""") "),"")
C29: =sum(H29:AA29) -> 1235946 | G29: BALANCE | H29: =SUMIFS(RC_IN[WT],RC_IN[BLOCK],H28,RC_IN[BLOCK LOC],H27)-SUMIFS(RC_OUT[WT],RC_OUT[BLOCK],H28,RC_OUT[BLOCK LOC],H27) -> 78467 | I29: =SUMIFS(RC_IN[WT],RC_IN[BLOCK],I28,RC_IN[BLOCK LOC],I27)-SUMIFS(RC_OUT[WT],RC_OUT[BLOCK],I28,RC_OUT[BLOCK LOC],I27) -> 77540 | J29: =SUMIFS(RC_IN[WT],RC_IN[BLOCK],J28,RC_IN[BLOCK LOC],J27)-SUMIFS(RC_OUT[WT],RC_OUT[BLOCK],J28,RC_OUT[BLOCK LOC],J27) -> 70805 | K29: =SUMIFS(RC_IN[WT],RC_IN[BLOCK],K28,RC_IN[BLOCK LOC],K27)-SUMIFS(RC_OUT[WT],RC_OUT[BLOCK],K28,RC_OUT[BLOCK LOC],K27) -> 75471 | L29: =SUMIFS(RC_IN[WT],RC_IN[BLOCK],L28,RC_IN[BLOCK LOC],L27)-SUMIFS(RC_OUT[WT],RC_OUT[BLOCK],L28,RC_OUT[BLOCK LOC],L27) -> 74833 | M29: =SUMIFS(RC_IN[WT],RC_IN[BLOCK],M28,RC_IN[BLOCK LOC],M27)-SUMIFS(RC_OUT[WT],RC_OUT[BLOCK],M28,RC_OUT[BLOCK LOC],M27) -> 0 | N29: =SUMIFS(RC_IN[WT],RC_IN[BLOCK],N28,RC_IN[BLOCK LOC],N27)-SUMIFS(RC_OUT[WT],RC_OUT[BLOCK],N28,RC_OUT[BLOCK LOC],N27) -> 58226 | O29: =SUMIFS(RC_IN[WT],RC_IN[BLOCK],O28,RC_IN[BLOCK LOC],O27)-SUMIFS(RC_OUT[WT],RC_OUT[BLOCK],O28,RC_OUT[BLOCK LOC],O27) -> 64970 | ... AA29: =SUMIFS(RC_IN[WT],RC_IN[BLOCK],AA28,RC_IN[BLOCK LOC],AA27)-SUMIFS(RC_OUT[WT],RC_OUT[BLOCK],AA28,RC_OUT[BLOCK LOC],AA27) -> 68804 | AC29: =sum(AE29:AG29) -> 0 | AD29: BALANCE | AE29: =SUMIFS(RC_IN[WT],RC_IN[BLOCK],AE28,RC_IN[BLOCK LOC],AE27)-SUMIFS(RC_OUT[WT],RC_OUT[BLOCK],AE28,RC_OUT[BLOCK LOC],AE27) -> 0 | AF29: =SUMIFS(RC_IN[WT],RC_IN[BLOCK],AF28,RC_IN[BLOCK LOC],AF27)-SUMIFS(RC_OUT[WT],RC_OUT[BLOCK],AF28,RC_OUT[BLOCK LOC],AF27) -> 0 | AG29: =SUMIFS(RC_IN[WT],RC_IN[BLOCK],AG28,RC_IN[BLOCK LOC],AG27)-SUMIFS(RC_OUT[WT],RC_OUT[BLOCK],AG28,RC_OUT[BLOCK LOC],AG27) -> 0
G30: BD | H30: =IFERROR(__xludf.DUMMYFUNCTION("IFERROR(SUMPRODUCT(FILTER(RC_IN[ASTM],RC_IN[BLOCK]=H28,RC_IN[BLOCK LOC]=H27),FILTER(RC_IN[WT],RC_IN[BLOCK]=H28,RC_IN[BLOCK LOC]=H27))/SUM(FILTER(RC_IN[WT],RC_IN[BLOCK]=H28,RC_IN[BLOCK LOC]=H27)),"""") "),0.0) -> 0 | I30: =IFERROR(__xludf.DUMMYFUNCTION("IFERROR(SUMPRODUCT(FILTER(RC_IN[ASTM],RC_IN[BLOCK]=I28,RC_IN[BLOCK LOC]=I27),FILTER(RC_IN[WT],RC_IN[BLOCK]=I28,RC_IN[BLOCK LOC]=I27))/SUM(FILTER(RC_IN[WT],RC_IN[BLOCK]=I28,RC_IN[BLOCK LOC]=I27)),"""") "),0.0) -> 0 | J30: =IFERROR(__xludf.DUMMYFUNCTION("IFERROR(SUMPRODUCT(FILTER(RC_IN[ASTM],RC_IN[BLOCK]=J28,RC_IN[BLOCK LOC]=J27),FILTER(RC_IN[WT],RC_IN[BLOCK]=J28,RC_IN[BLOCK LOC]=J27))/SUM(FILTER(RC_IN[WT],RC_IN[BLOCK]=J28,RC_IN[BLOCK LOC]=J27)),"""") "),0.0) -> 0 | K30: =IFERROR(__xludf.DUMMYFUNCTION("IFERROR(SUMPRODUCT(FILTER(RC_IN[ASTM],RC_IN[BLOCK]=K28,RC_IN[BLOCK LOC]=K27),FILTER(RC_IN[WT],RC_IN[BLOCK]=K28,RC_IN[BLOCK LOC]=K27))/SUM(FILTER(RC_IN[WT],RC_IN[BLOCK]=K28,RC_IN[BLOCK LOC]=K27)),"""") "),0.0) -> 0 | L30: =IFERROR(__xludf.DUMMYFUNCTION("IFERROR(SUMPRODUCT(FILTER(RC_IN[ASTM],RC_IN[BLOCK]=L28,RC_IN[BLOCK LOC]=L27),FILTER(RC_IN[WT],RC_IN[BLOCK]=L28,RC_IN[BLOCK LOC]=L27))/SUM(FILTER(RC_IN[WT],RC_IN[BLOCK]=L28,RC_IN[BLOCK LOC]=L27)),"""") "),0.0) -> 0 | M30: =IFERROR(__xludf.DUMMYFUNCTION("IFERROR(SUMPRODUCT(FILTER(RC_IN[ASTM],RC_IN[BLOCK]=M28,RC_IN[BLOCK LOC]=M27),FILTER(RC_IN[WT],RC_IN[BLOCK]=M28,RC_IN[BLOCK LOC]=M27))/SUM(FILTER(RC_IN[WT],RC_IN[BLOCK]=M28,RC_IN[BLOCK LOC]=M27)),"""") ")," ") | N30: =IFERROR(__xludf.DUMMYFUNCTION("IFERROR(SUMPRODUCT(FILTER(RC_IN[ASTM],RC_IN[BLOCK]=N28,RC_IN[BLOCK LOC]=N27),FILTER(RC_IN[WT],RC_IN[BLOCK]=N28,RC_IN[BLOCK LOC]=N27))/SUM(FILTER(RC_IN[WT],RC_IN[BLOCK]=N28,RC_IN[BLOCK LOC]=N27)),"""") "),0.0) -> 0 | O30: =IFERROR(__xludf.DUMMYFUNCTION("IFERROR(SUMPRODUCT(FILTER(RC_IN[ASTM],RC_IN[BLOCK]=O28,RC_IN[BLOCK LOC]=O27),FILTER(RC_IN[WT],RC_IN[BLOCK]=O28,RC_IN[BLOCK LOC]=O27))/SUM(FILTER(RC_IN[WT],RC_IN[BLOCK]=O28,RC_IN[BLOCK LOC]=O27)),"""") "),0.5769079575188547) -> 0.57690796 | P30: =IFERROR(__xludf.DUMMYFUNCTION("IFERROR(SUMPRODUCT(FILTER(RC_IN[ASTM],RC_IN[BLOCK]=P28,RC_IN[BLOCK LOC]=P27),FILTER(RC_IN[WT],RC_IN[BLOCK]=P28,RC_IN[BLOCK LOC]=P27))/SUM(FILTER(RC_IN[WT],RC_IN[BLOCK]=P28,RC_IN[BLOCK LOC]=P27)),"""") "),0.578) -> 0.578 | Q30: =IFERROR(__xludf.DUMMYFUNCTION("IFERROR(SUMPRODUCT(FILTER(RC_IN[ASTM],RC_IN[BLOCK]=Q28,RC_IN[BLOCK LOC]=Q27),FILTER(RC_IN[WT],RC_IN[BLOCK]=Q28,RC_IN[BLOCK LOC]=Q27))/SUM(FILTER(RC_IN[WT],RC_IN[BLOCK]=Q28,RC_IN[BLOCK LOC]=Q27)),"""") ")," ") | R30: =IFERROR(__xludf.DUMMYFUNCTION("IFERROR(SUMPRODUCT(FILTER(RC_IN[ASTM],RC_IN[BLOCK]=R28,RC_IN[BLOCK LOC]=R27),FILTER(RC_IN[WT],RC_IN[BLOCK]=R28,RC_IN[BLOCK LOC]=R27))/SUM(FILTER(RC_IN[WT],RC_IN[BLOCK]=R28,RC_IN[BLOCK LOC]=R27)),"""") "),0.5754615911878592) -> 0.57546159 | S30: =IFERROR(__xludf.DUMMYFUNCTION("IFERROR(SUMPRODUCT(FILTER(RC_IN[ASTM],RC_IN[BLOCK]=S28,RC_IN[BLOCK LOC]=S27),FILTER(RC_IN[WT],RC_IN[BLOCK]=S28,RC_IN[BLOCK LOC]=S27))/SUM(FILTER(RC_IN[WT],RC_IN[BLOCK]=S28,RC_IN[BLOCK LOC]=S27)),"""") "),0.5732938847938848) -> 0.57329388 | T30: =IFERROR(__xludf.DUMMYFUNCTION("IFERROR(SUMPRODUCT(FILTER(RC_IN[ASTM],RC_IN[BLOCK]=T28,RC_IN[BLOCK LOC]=T27),FILTER(RC_IN[WT],RC_IN[BLOCK]=T28,RC_IN[BLOCK LOC]=T27))/SUM(FILTER(RC_IN[WT],RC_IN[BLOCK]=T28,RC_IN[BLOCK LOC]=T27)),"""") "),0.5715779705438282) -> 0.57157797 | U30: =IFERROR(__xludf.DUMMYFUNCTION("IFERROR(SUMPRODUCT(FILTER(RC_IN[ASTM],RC_IN[BLOCK]=U28,RC_IN[BLOCK LOC]=U27),FILTER(RC_IN[WT],RC_IN[BLOCK]=U28,RC_IN[BLOCK LOC]=U27))/SUM(FILTER(RC_IN[WT],RC_IN[BLOCK]=U28,RC_IN[BLOCK LOC]=U27)),"""") "),0.5672829374800299) -> 0.56728294 | V30: =IFERROR(__xludf.DUMMYFUNCTION("IFERROR(SUMPRODUCT(FILTER(RC_IN[ASTM],RC_IN[BLOCK]=V28,RC_IN[BLOCK LOC]=V27),FILTER(RC_IN[WT],RC_IN[BLOCK]=V28,RC_IN[BLOCK LOC]=V27))/SUM(FILTER(RC_IN[WT],RC_IN[BLOCK]=V28,RC_IN[BLOCK LOC]=V27)),"""") "),1.0898215832232239) -> 1.0898216 | W30: =IFERROR(__xludf.DUMMYFUNCTION("IFERROR(SUMPRODUCT(FILTER(RC_IN[ASTM],RC_IN[BLOCK]=W28,RC_IN[BLOCK LOC]=W27),FILTER(RC_IN[WT],RC_IN[BLOCK]=W28,RC_IN[BLOCK LOC]=W27))/SUM(FILTER(RC_IN[WT],RC_IN[BLOCK]=W28,RC_IN[BLOCK LOC]=W27)),"""") ")," ") | X30: =IFERROR(__xludf.DUMMYFUNCTION("IFERROR(SUMPRODUCT(FILTER(RC_IN[ASTM],RC_IN[BLOCK]=X28,RC_IN[BLOCK LOC]=X27),FILTER(RC_IN[WT],RC_IN[BLOCK]=X28,RC_IN[BLOCK LOC]=X27))/SUM(FILTER(RC_IN[WT],RC_IN[BLOCK]=X28,RC_IN[BLOCK LOC]=X27)),"""") "),0.5767406970870516) -> 0.5767407 | Y30: =IFERROR(__xludf.DUMMYFUNCTION("IFERROR(SUMPRODUCT(FILTER(RC_IN[ASTM],RC_IN[BLOCK]=Y28,RC_IN[BLOCK LOC]=Y27),FILTER(RC_IN[WT],RC_IN[BLOCK]=Y28,RC_IN[BLOCK LOC]=Y27))/SUM(FILTER(RC_IN[WT],RC_IN[BLOCK]=Y28,RC_IN[BLOCK LOC]=Y27)),"""") "),0.5764663743306488) -> 0.57646637 | Z30: =IFERROR(__xludf.DUMMYFUNCTION("IFERROR(SUMPRODUCT(FILTER(RC_IN[ASTM],RC_IN[BLOCK]=Z28,RC_IN[BLOCK LOC]=Z27),FILTER(RC_IN[WT],RC_IN[BLOCK]=Z28,RC_IN[BLOCK LOC]=Z27))/SUM(FILTER(RC_IN[WT],RC_IN[BLOCK]=Z28,RC_IN[BLOCK LOC]=Z27)),"""") "),0.5757792141010442) -> 0.57577921 | AA30: =IFERROR(__xludf.DUMMYFUNCTION("IFERROR(SUMPRODUCT(FILTER(RC_IN[ASTM],RC_IN[BLOCK]=AA28,RC_IN[BLOCK LOC]=AA27),FILTER(RC_IN[WT],RC_IN[BLOCK]=AA28,RC_IN[BLOCK LOC]=AA27))/SUM(FILTER(RC_IN[WT],RC_IN[BLOCK]=AA28,RC_IN[BLOCK LOC]=AA27)),"""") "),0.5754344224173014) -> 0.57543442 | AD30: BD | AE30: =IFERROR(__xludf.DUMMYFUNCTION("IFERROR(SUMPRODUCT(FILTER(RC_IN[ASTM],RC_IN[BLOCK]=AE28,RC_IN[BLOCK LOC]=AE27),FILTER(RC_IN[WT],RC_IN[BLOCK]=AE28,RC_IN[BLOCK LOC]=AE27))/SUM(FILTER(RC_IN[WT],RC_IN[BLOCK]=AE28,RC_IN[BLOCK LOC]=AE27)),"""") ")," ") | AF30: =IFERROR(__xludf.DUMMYFUNCTION("IFERROR(SUMPRODUCT(FILTER(RC_IN[ASTM],RC_IN[BLOCK]=AF28,RC_IN[BLOCK LOC]=AF27),FILTER(RC_IN[WT],RC_IN[BLOCK]=AF28,RC_IN[BLOCK LOC]=AF27))/SUM(FILTER(RC_IN[WT],RC_IN[BLOCK]=AF28,RC_IN[BLOCK LOC]=AF27)),"""") ")," ") | AG30: =IFERROR(__xludf.DUMMYFUNCTION("IFERROR(SUMPRODUCT(FILTER(RC_IN[ASTM],RC_IN[BLOCK]=AG28,RC_IN[BLOCK LOC]=AG27),FILTER(RC_IN[WT],RC_IN[BLOCK]=AG28,RC_IN[BLOCK LOC]=AG27))/SUM(FILTER(RC_IN[WT],RC_IN[BLOCK]=AG28,RC_IN[BLOCK LOC]=AG27)),"""") ")," ")
G31: ASH | H31: =IFERROR(__xludf.DUMMYFUNCTION("IFERROR(SUMPRODUCT(FILTER(RC_IN[ASH],RC_IN[BLOCK]=H28,RC_IN[BLOCK LOC]=H27),FILTER(RC_IN[WT],RC_IN[BLOCK]=H28,RC_IN[BLOCK LOC]=H27))/SUM(FILTER(RC_IN[WT],RC_IN[BLOCK]=H28,RC_IN[BLOCK LOC]=H27)),"""") "),0.0) -> 0 | I31: =IFERROR(__xludf.DUMMYFUNCTION("IFERROR(SUMPRODUCT(FILTER(RC_IN[ASH],RC_IN[BLOCK]=I28,RC_IN[BLOCK LOC]=I27),FILTER(RC_IN[WT],RC_IN[BLOCK]=I28,RC_IN[BLOCK LOC]=I27))/SUM(FILTER(RC_IN[WT],RC_IN[BLOCK]=I28,RC_IN[BLOCK LOC]=I27)),"""") "),0.0) -> 0 | J31: =IFERROR(__xludf.DUMMYFUNCTION("IFERROR(SUMPRODUCT(FILTER(RC_IN[ASH],RC_IN[BLOCK]=J28,RC_IN[BLOCK LOC]=J27),FILTER(RC_IN[WT],RC_IN[BLOCK]=J28,RC_IN[BLOCK LOC]=J27))/SUM(FILTER(RC_IN[WT],RC_IN[BLOCK]=J28,RC_IN[BLOCK LOC]=J27)),"""") "),0.0) -> 0 | K31: =IFERROR(__xludf.DUMMYFUNCTION("IFERROR(SUMPRODUCT(FILTER(RC_IN[ASH],RC_IN[BLOCK]=K28,RC_IN[BLOCK LOC]=K27),FILTER(RC_IN[WT],RC_IN[BLOCK]=K28,RC_IN[BLOCK LOC]=K27))/SUM(FILTER(RC_IN[WT],RC_IN[BLOCK]=K28,RC_IN[BLOCK LOC]=K27)),"""") "),0.0) -> 0 | L31: =IFERROR(__xludf.DUMMYFUNCTION("IFERROR(SUMPRODUCT(FILTER(RC_IN[ASH],RC_IN[BLOCK]=L28,RC_IN[BLOCK LOC]=L27),FILTER(RC_IN[WT],RC_IN[BLOCK]=L28,RC_IN[BLOCK LOC]=L27))/SUM(FILTER(RC_IN[WT],RC_IN[BLOCK]=L28,RC_IN[BLOCK LOC]=L27)),"""") "),0.0) -> 0 | M31: =IFERROR(__xludf.DUMMYFUNCTION("IFERROR(SUMPRODUCT(FILTER(RC_IN[ASH],RC_IN[BLOCK]=M28,RC_IN[BLOCK LOC]=M27),FILTER(RC_IN[WT],RC_IN[BLOCK]=M28,RC_IN[BLOCK LOC]=M27))/SUM(FILTER(RC_IN[WT],RC_IN[BLOCK]=M28,RC_IN[BLOCK LOC]=M27)),"""") ")," ") | N31: =IFERROR(__xludf.DUMMYFUNCTION("IFERROR(SUMPRODUCT(FILTER(RC_IN[ASH],RC_IN[BLOCK]=N28,RC_IN[BLOCK LOC]=N27),FILTER(RC_IN[WT],RC_IN[BLOCK]=N28,RC_IN[BLOCK LOC]=N27))/SUM(FILTER(RC_IN[WT],RC_IN[BLOCK]=N28,RC_IN[BLOCK LOC]=N27)),"""") "),0.0) -> 0 | O31: =IFERROR(__xludf.DUMMYFUNCTION("IFERROR(SUMPRODUCT(FILTER(RC_IN[ASH],RC_IN[BLOCK]=O28,RC_IN[BLOCK LOC]=O27),FILTER(RC_IN[WT],RC_IN[BLOCK]=O28,RC_IN[BLOCK LOC]=O27))/SUM(FILTER(RC_IN[WT],RC_IN[BLOCK]=O28,RC_IN[BLOCK LOC]=O27)),"""") "),4.0570755733415425) -> 4.0570756 | P31: =IFERROR(__xludf.DUMMYFUNCTION("IFERROR(SUMPRODUCT(FILTER(RC_IN[ASH],RC_IN[BLOCK]=P28,RC_IN[BLOCK LOC]=P27),FILTER(RC_IN[WT],RC_IN[BLOCK]=P28,RC_IN[BLOCK LOC]=P27))/SUM(FILTER(RC_IN[WT],RC_IN[BLOCK]=P28,RC_IN[BLOCK LOC]=P27)),"""") "),4.393763054271529) -> 4.3937631 | Q31: =IFERROR(__xludf.DUMMYFUNCTION("IFERROR(SUMPRODUCT(FILTER(RC_IN[ASH],RC_IN[BLOCK]=Q28,RC_IN[BLOCK LOC]=Q27),FILTER(RC_IN[WT],RC_IN[BLOCK]=Q28,RC_IN[BLOCK LOC]=Q27))/SUM(FILTER(RC_IN[WT],RC_IN[BLOCK]=Q28,RC_IN[BLOCK LOC]=Q27)),"""") ")," ") | R31: =IFERROR(__xludf.DUMMYFUNCTION("IFERROR(SUMPRODUCT(FILTER(RC_IN[ASH],RC_IN[BLOCK]=R28,RC_IN[BLOCK LOC]=R27),FILTER(RC_IN[WT],RC_IN[BLOCK]=R28,RC_IN[BLOCK LOC]=R27))/SUM(FILTER(RC_IN[WT],RC_IN[BLOCK]=R28,RC_IN[BLOCK LOC]=R27)),"""") "),3.9623935159575745) -> 3.9623935 | S31: =IFERROR(__xludf.DUMMYFUNCTION("IFERROR(SUMPRODUCT(FILTER(RC_IN[ASH],RC_IN[BLOCK]=S28,RC_IN[BLOCK LOC]=S27),FILTER(RC_IN[WT],RC_IN[BLOCK]=S28,RC_IN[BLOCK LOC]=S27))/SUM(FILTER(RC_IN[WT],RC_IN[BLOCK]=S28,RC_IN[BLOCK LOC]=S27)),"""") "),3.93216147966148) -> 3.9321615 | T31: =IFERROR(__xludf.DUMMYFUNCTION("IFERROR(SUMPRODUCT(FILTER(RC_IN[ASH],RC_IN[BLOCK]=T28,RC_IN[BLOCK LOC]=T27),FILTER(RC_IN[WT],RC_IN[BLOCK]=T28,RC_IN[BLOCK LOC]=T27))/SUM(FILTER(RC_IN[WT],RC_IN[BLOCK]=T28,RC_IN[BLOCK LOC]=T27)),"""") "),4.223770902771843) -> 4.2237709 | U31: =IFERROR(__xludf.DUMMYFUNCTION("IFERROR(SUMPRODUCT(FILTER(RC_IN[ASH],RC_IN[BLOCK]=U28,RC_IN[BLOCK LOC]=U27),FILTER(RC_IN[WT],RC_IN[BLOCK]=U28,RC_IN[BLOCK LOC]=U27))/SUM(FILTER(RC_IN[WT],RC_IN[BLOCK]=U28,RC_IN[BLOCK LOC]=U27)),"""") "),4.240896660986261) -> 4.2408967 | V31: =IFERROR(__xludf.DUMMYFUNCTION("IFERROR(SUMPRODUCT(FILTER(RC_IN[ASH],RC_IN[BLOCK]=V28,RC_IN[BLOCK LOC]=V27),FILTER(RC_IN[WT],RC_IN[BLOCK]=V28,RC_IN[BLOCK LOC]=V27))/SUM(FILTER(RC_IN[WT],RC_IN[BLOCK]=V28,RC_IN[BLOCK LOC]=V27)),"""") "),4.485435314433731) -> 4.4854353 | W31: =IFERROR(__xludf.DUMMYFUNCTION("IFERROR(SUMPRODUCT(FILTER(RC_IN[ASH],RC_IN[BLOCK]=W28,RC_IN[BLOCK LOC]=W27),FILTER(RC_IN[WT],RC_IN[BLOCK]=W28,RC_IN[BLOCK LOC]=W27))/SUM(FILTER(RC_IN[WT],RC_IN[BLOCK]=W28,RC_IN[BLOCK LOC]=W27)),"""") ")," ") | X31: =IFERROR(__xludf.DUMMYFUNCTION("IFERROR(SUMPRODUCT(FILTER(RC_IN[ASH],RC_IN[BLOCK]=X28,RC_IN[BLOCK LOC]=X27),FILTER(RC_IN[WT],RC_IN[BLOCK]=X28,RC_IN[BLOCK LOC]=X27))/SUM(FILTER(RC_IN[WT],RC_IN[BLOCK]=X28,RC_IN[BLOCK LOC]=X27)),"""") "),3.825329741258349) -> 3.8253297 | Y31: =IFERROR(__xludf.DUMMYFUNCTION("IFERROR(SUMPRODUCT(FILTER(RC_IN[ASH],RC_IN[BLOCK]=Y28,RC_IN[BLOCK LOC]=Y27),FILTER(RC_IN[WT],RC_IN[BLOCK]=Y28,RC_IN[BLOCK LOC]=Y27))/SUM(FILTER(RC_IN[WT],RC_IN[BLOCK]=Y28,RC_IN[BLOCK LOC]=Y27)),"""") "),3.4373637756321065) -> 3.4373638 | Z31: =IFERROR(__xludf.DUMMYFUNCTION("IFERROR(SUMPRODUCT(FILTER(RC_IN[ASH],RC_IN[BLOCK]=Z28,RC_IN[BLOCK LOC]=Z27),FILTER(RC_IN[WT],RC_IN[BLOCK]=Z28,RC_IN[BLOCK LOC]=Z27))/SUM(FILTER(RC_IN[WT],RC_IN[BLOCK]=Z28,RC_IN[BLOCK LOC]=Z27)),"""") "),3.53223528403491) -> 3.5322353 | AA31: =IFERROR(__xludf.DUMMYFUNCTION("IFERROR(SUMPRODUCT(FILTER(RC_IN[ASH],RC_IN[BLOCK]=AA28,RC_IN[BLOCK LOC]=AA27),FILTER(RC_IN[WT],RC_IN[BLOCK]=AA28,RC_IN[BLOCK LOC]=AA27))/SUM(FILTER(RC_IN[WT],RC_IN[BLOCK]=AA28,RC_IN[BLOCK LOC]=AA27)),"""") "),3.4706361548747164) -> 3.4706362 | AD31: ASH | AE31: =IFERROR(__xludf.DUMMYFUNCTION("IFERROR(SUMPRODUCT(FILTER(RC_IN[ASH],RC_IN[BLOCK]=AE28,RC_IN[BLOCK LOC]=AE27),FILTER(RC_IN[WT],RC_IN[BLOCK]=AE28,RC_IN[BLOCK LOC]=AE27))/SUM(FILTER(RC_IN[WT],RC_IN[BLOCK]=AE28,RC_IN[BLOCK LOC]=AE27)),"""") ")," ") | AF31: =IFERROR(__xludf.DUMMYFUNCTION("IFERROR(SUMPRODUCT(FILTER(RC_IN[ASH],RC_IN[BLOCK]=AF28,RC_IN[BLOCK LOC]=AF27),FILTER(RC_IN[WT],RC_IN[BLOCK]=AF28,RC_IN[BLOCK LOC]=AF27))/SUM(FILTER(RC_IN[WT],RC_IN[BLOCK]=AF28,RC_IN[BLOCK LOC]=AF27)),"""") ")," ") | AG31: =IFERROR(__xludf.DUMMYFUNCTION("IFERROR(SUMPRODUCT(FILTER(RC_IN[ASH],RC_IN[BLOCK]=AG28,RC_IN[BLOCK LOC]=AG27),FILTER(RC_IN[WT],RC_IN[BLOCK]=AG28,RC_IN[BLOCK LOC]=AG27))/SUM(FILTER(RC_IN[WT],RC_IN[BLOCK]=AG28,RC_IN[BLOCK LOC]=AG27)),"""") ")," ")
C32: =sum(C29,C23) -> 2325347 | G32: MC | H32: =IFERROR(__xludf.DUMMYFUNCTION("IFERROR(SUMPRODUCT(FILTER(RC_IN[MC],RC_IN[BLOCK]=H28,RC_IN[BLOCK LOC]=H27),FILTER(RC_IN[WT],RC_IN[BLOCK]=H28,RC_IN[BLOCK LOC]=H27)) / SUM(FILTER(RC_IN[WT],RC_IN[BLOCK]=H28,RC_IN[BLOCK LOC]=H27)),"""") "),14.0) -> 14 | I32: =IFERROR(__xludf.DUMMYFUNCTION("IFERROR(SUMPRODUCT(FILTER(RC_IN[MC],RC_IN[BLOCK]=I28,RC_IN[BLOCK LOC]=I27),FILTER(RC_IN[WT],RC_IN[BLOCK]=I28,RC_IN[BLOCK LOC]=I27)) / SUM(FILTER(RC_IN[WT],RC_IN[BLOCK]=I28,RC_IN[BLOCK LOC]=I27)),"""") "),11.0) -> 11 | J32: =IFERROR(__xludf.DUMMYFUNCTION("IFERROR(SUMPRODUCT(FILTER(RC_IN[MC],RC_IN[BLOCK]=J28,RC_IN[BLOCK LOC]=J27),FILTER(RC_IN[WT],RC_IN[BLOCK]=J28,RC_IN[BLOCK LOC]=J27)) / SUM(FILTER(RC_IN[WT],RC_IN[BLOCK]=J28,RC_IN[BLOCK LOC]=J27)),"""") "),11.8) -> 11.8 | K32: =IFERROR(__xludf.DUMMYFUNCTION("IFERROR(SUMPRODUCT(FILTER(RC_IN[MC],RC_IN[BLOCK]=K28,RC_IN[BLOCK LOC]=K27),FILTER(RC_IN[WT],RC_IN[BLOCK]=K28,RC_IN[BLOCK LOC]=K27)) / SUM(FILTER(RC_IN[WT],RC_IN[BLOCK]=K28,RC_IN[BLOCK LOC]=K27)),"""") "),12.2) -> 12.2 | L32: =IFERROR(__xludf.DUMMYFUNCTION("IFERROR(SUMPRODUCT(FILTER(RC_IN[MC],RC_IN[BLOCK]=L28,RC_IN[BLOCK LOC]=L27),FILTER(RC_IN[WT],RC_IN[BLOCK]=L28,RC_IN[BLOCK LOC]=L27)) / SUM(FILTER(RC_IN[WT],RC_IN[BLOCK]=L28,RC_IN[BLOCK LOC]=L27)),"""") "),12.0) -> 12 | M32: =IFERROR(__xludf.DUMMYFUNCTION("IFERROR(SUMPRODUCT(FILTER(RC_IN[MC],RC_IN[BLOCK]=M28,RC_IN[BLOCK LOC]=M27),FILTER(RC_IN[WT],RC_IN[BLOCK]=M28,RC_IN[BLOCK LOC]=M27)) / SUM(FILTER(RC_IN[WT],RC_IN[BLOCK]=M28,RC_IN[BLOCK LOC]=M27)),"""") "),"") | N32: =IFERROR(__xludf.DUMMYFUNCTION("IFERROR(SUMPRODUCT(FILTER(RC_IN[MC],RC_IN[BLOCK]=N28,RC_IN[BLOCK LOC]=N27),FILTER(RC_IN[WT],RC_IN[BLOCK]=N28,RC_IN[BLOCK LOC]=N27)) / SUM(FILTER(RC_IN[WT],RC_IN[BLOCK]=N28,RC_IN[BLOCK LOC]=N27)),"""") "),12.0) -> 12 | O32: =IFERROR(__xludf.DUMMYFUNCTION("IFERROR(SUMPRODUCT(FILTER(RC_IN[MC],RC_IN[BLOCK]=O28,RC_IN[BLOCK LOC]=O27),FILTER(RC_IN[WT],RC_IN[BLOCK]=O28,RC_IN[BLOCK LOC]=O27)) / SUM(FILTER(RC_IN[WT],RC_IN[BLOCK]=O28,RC_IN[BLOCK LOC]=O27)),"""") "),9.814331229798368) -> 9.8143312 | P32: =IFERROR(__xludf.DUMMYFUNCTION("IFERROR(SUMPRODUCT(FILTER(RC_IN[MC],RC_IN[BLOCK]=P28,RC_IN[BLOCK LOC]=P27),FILTER(RC_IN[WT],RC_IN[BLOCK]=P28,RC_IN[BLOCK LOC]=P27)) / SUM(FILTER(RC_IN[WT],RC_IN[BLOCK]=P28,RC_IN[BLOCK LOC]=P27)),"""") "),10.07231467214518) -> 10.072315 | Q32: =IFERROR(__xludf.DUMMYFUNCTION("IFERROR(SUMPRODUCT(FILTER(RC_IN[MC],RC_IN[BLOCK]=Q28,RC_IN[BLOCK LOC]=Q27),FILTER(RC_IN[WT],RC_IN[BLOCK]=Q28,RC_IN[BLOCK LOC]=Q27)) / SUM(FILTER(RC_IN[WT],RC_IN[BLOCK]=Q28,RC_IN[BLOCK LOC]=Q27)),"""") "),"") | R32: =IFERROR(__xludf.DUMMYFUNCTION("IFERROR(SUMPRODUCT(FILTER(RC_IN[MC],RC_IN[BLOCK]=R28,RC_IN[BLOCK LOC]=R27),FILTER(RC_IN[WT],RC_IN[BLOCK]=R28,RC_IN[BLOCK LOC]=R27)) / SUM(FILTER(RC_IN[WT],RC_IN[BLOCK]=R28,RC_IN[BLOCK LOC]=R27)),"""") "),11.501472137377041) -> 11.501472 | S32: =IFERROR(__xludf.DUMMYFUNCTION("IFERROR(SUMPRODUCT(FILTER(RC_IN[MC],RC_IN[BLOCK]=S28,RC_IN[BLOCK LOC]=S27),FILTER(RC_IN[WT],RC_IN[BLOCK]=S28,RC_IN[BLOCK LOC]=S27)) / SUM(FILTER(RC_IN[WT],RC_IN[BLOCK]=S28,RC_IN[BLOCK LOC]=S27)),"""") "),11.603096505596506) -> 11.603097 | T32: =IFERROR(__xludf.DUMMYFUNCTION("IFERROR(SUMPRODUCT(FILTER(RC_IN[MC],RC_IN[BLOCK]=T28,RC_IN[BLOCK LOC]=T27),FILTER(RC_IN[WT],RC_IN[BLOCK]=T28,RC_IN[BLOCK LOC]=T27)) / SUM(FILTER(RC_IN[WT],RC_IN[BLOCK]=T28,RC_IN[BLOCK LOC]=T27)),"""") "),13.080418625188729) -> 13.080419 | U32: =IFERROR(__xludf.DUMMYFUNCTION("IFERROR(SUMPRODUCT(FILTER(RC_IN[MC],RC_IN[BLOCK]=U28,RC_IN[BLOCK LOC]=U27),FILTER(RC_IN[WT],RC_IN[BLOCK]=U28,RC_IN[BLOCK LOC]=U27)) / SUM(FILTER(RC_IN[WT],RC_IN[BLOCK]=U28,RC_IN[BLOCK LOC]=U27)),"""") "),12.873242224944082) -> 12.873242 | V32: =IFERROR(__xludf.DUMMYFUNCTION("IFERROR(SUMPRODUCT(FILTER(RC_IN[MC],RC_IN[BLOCK]=V28,RC_IN[BLOCK LOC]=V27),FILTER(RC_IN[WT],RC_IN[BLOCK]=V28,RC_IN[BLOCK LOC]=V27)) / SUM(FILTER(RC_IN[WT],RC_IN[BLOCK]=V28,RC_IN[BLOCK LOC]=V27)),"""") "),13.511989167833173) -> 13.511989 | W32: =IFERROR(__xludf.DUMMYFUNCTION("IFERROR(SUMPRODUCT(FILTER(RC_IN[MC],RC_IN[BLOCK]=W28,RC_IN[BLOCK LOC]=W27),FILTER(RC_IN[WT],RC_IN[BLOCK]=W28,RC_IN[BLOCK LOC]=W27)) / SUM(FILTER(RC_IN[WT],RC_IN[BLOCK]=W28,RC_IN[BLOCK LOC]=W27)),"""") "),"") | X32: =IFERROR(__xludf.DUMMYFUNCTION("IFERROR(SUMPRODUCT(FILTER(RC_IN[MC],RC_IN[BLOCK]=X28,RC_IN[BLOCK LOC]=X27),FILTER(RC_IN[WT],RC_IN[BLOCK]=X28,RC_IN[BLOCK LOC]=X27)) / SUM(FILTER(RC_IN[WT],RC_IN[BLOCK]=X28,RC_IN[BLOCK LOC]=X27)),"""") "),11.194073637537183) -> 11.194074 | Y32: =IFERROR(__xludf.DUMMYFUNCTION("IFERROR(SUMPRODUCT(FILTER(RC_IN[MC],RC_IN[BLOCK]=Y28,RC_IN[BLOCK LOC]=Y27),FILTER(RC_IN[WT],RC_IN[BLOCK]=Y28,RC_IN[BLOCK LOC]=Y27)) / SUM(FILTER(RC_IN[WT],RC_IN[BLOCK]=Y28,RC_IN[BLOCK LOC]=Y27)),"""") "),11.475906593020477) -> 11.475907 | Z32: =IFERROR(__xludf.DUMMYFUNCTION("IFERROR(SUMPRODUCT(FILTER(RC_IN[MC],RC_IN[BLOCK]=Z28,RC_IN[BLOCK LOC]=Z27),FILTER(RC_IN[WT],RC_IN[BLOCK]=Z28,RC_IN[BLOCK LOC]=Z27)) / SUM(FILTER(RC_IN[WT],RC_IN[BLOCK]=Z28,RC_IN[BLOCK LOC]=Z27)),"""") "),11.48079132682941) -> 11.480791 | AA32: =IFERROR(__xludf.DUMMYFUNCTION("IFERROR(SUMPRODUCT(FILTER(RC_IN[MC],RC_IN[BLOCK]=AA28,RC_IN[BLOCK LOC]=AA27),FILTER(RC_IN[WT],RC_IN[BLOCK]=AA28,RC_IN[BLOCK LOC]=AA27)) / SUM(FILTER(RC_IN[WT],RC_IN[BLOCK]=AA28,RC_IN[BLOCK LOC]=AA27)),"""") "),10.74046029300622) -> 10.74046 | AD32: MC | AE32: =IFERROR(__xludf.DUMMYFUNCTION("IFERROR(SUMPRODUCT(FILTER(RC_IN[MC],RC_IN[BLOCK]=AE28,RC_IN[BLOCK LOC]=AE27),FILTER(RC_IN[WT],RC_IN[BLOCK]=AE28,RC_IN[BLOCK LOC]=AE27)) / SUM(FILTER(RC_IN[WT],RC_IN[BLOCK]=AE28,RC_IN[BLOCK LOC]=AE27)),"""") "),"") | AF32: =IFERROR(__xludf.DUMMYFUNCTION("IFERROR(SUMPRODUCT(FILTER(RC_IN[MC],RC_IN[BLOCK]=AF28,RC_IN[BLOCK LOC]=AF27),FILTER(RC_IN[WT],RC_IN[BLOCK]=AF28,RC_IN[BLOCK LOC]=AF27)) / SUM(FILTER(RC_IN[WT],RC_IN[BLOCK]=AF28,RC_IN[BLOCK LOC]=AF27)),"""") "),"") | AG32: =IFERROR(__xludf.DUMMYFUNCTION("IFERROR(SUMPRODUCT(FILTER(RC_IN[MC],RC_IN[BLOCK]=AG28,RC_IN[BLOCK LOC]=AG27),FILTER(RC_IN[WT],RC_IN[BLOCK]=AG28,RC_IN[BLOCK LOC]=AG27)) / SUM(FILTER(RC_IN[WT],RC_IN[BLOCK]=AG28,RC_IN[BLOCK LOC]=AG27)),"""") "),"")
C33: =E33 -> WHSE C | D33: C | E33: =CONCATENATE("WHSE ",D33) -> WHSE C | G33: A | H33: =CONCATENATE($D33,"-",H$1,$G33) -> C-1A | I33: =CONCATENATE($D33,"-",I$1,$G33) -> C-2A | J33: =CONCATENATE($D33,"-",J$1,$G33) -> C-3A | K33: =CONCATENATE($D33,"-",K$1,$G33) -> C-4A | L33: =CONCATENATE($D33,"-",L$1,$G33) -> C-5A | M33: =CONCATENATE($D33,"-",M$1,$G33) -> C-6A | N33: =CONCATENATE($D33,"-",N$1,$G33) -> C-7A | O33: =CONCATENATE($D33,"-",O$1,$G33) -> C-8A | ... AA33: =CONCATENATE($D33,"-",AA$1,$G33) -> C-20A | AC33: PCB | AD33: C | AE33: =CONCATENATE($AC33,"-",AE$1,$AD33) -> PCB-15C | AF33: =CONCATENATE($AC33,"-",AF$1,$AD33) -> PCB-16C | AG33: =CONCATENATE($AC33,"-",AG$1,$AD33) -> PCB-17C
C34: TTLs | F34: =IF(COUNTIF(G34:Z34,"ERROR")=0,"CLEAR",COUNTIF(G34:Z34,"ERROR")&" ERRORS") -> CLEAR | G34: BLOCK | H34: =IFERROR(__xludf.DUMMYFUNCTION("IFERROR(IF(COUNTA(UNIQUE(FILTER(RC_IN[BLOCK],RC_IN[BLOCK LOC]=H33,RC_IN[STATE]<>""CLOSED"")))>1,""ERROR"",INDEX(UNIQUE(FILTER(RC_IN[BLOCK],RC_IN[BLOCK LOC]=H33,RC_IN[STATE]<>""CLOSED"")),1)),"""") "),"SEPT-25-BLK9") -> SEPT-25-BLK9 | I34: =IFERROR(__xludf.DUMMYFUNCTION("IFERROR(IF(COUNTA(UNIQUE(FILTER(RC_IN[BLOCK],RC_IN[BLOCK LOC]=I33,RC_IN[STATE]<>""CLOSED"")))>1,""ERROR"",INDEX(UNIQUE(FILTER(RC_IN[BLOCK],RC_IN[BLOCK LOC]=I33,RC_IN[STATE]<>""CLOSED"")),1)),"""") "),"OCT-25-BLK11") -> OCT-25-BLK11 | J34: =IFERROR(__xludf.DUMMYFUNCTION("IFERROR(IF(COUNTA(UNIQUE(FILTER(RC_IN[BLOCK],RC_IN[BLOCK LOC]=J33,RC_IN[STATE]<>""CLOSED"")))>1,""ERROR"",INDEX(UNIQUE(FILTER(RC_IN[BLOCK],RC_IN[BLOCK LOC]=J33,RC_IN[STATE]<>""CLOSED"")),1)),"""") "),"APRIL-25-BLK13") -> APRIL-25-BLK13 | K34: =IFERROR(__xludf.DUMMYFUNCTION("IFERROR(IF(COUNTA(UNIQUE(FILTER(RC_IN[BLOCK],RC_IN[BLOCK LOC]=K33,RC_IN[STATE]<>""CLOSED"")))>1,""ERROR"",INDEX(UNIQUE(FILTER(RC_IN[BLOCK],RC_IN[BLOCK LOC]=K33,RC_IN[STATE]<>""CLOSED"")),1)),"""") "),"MAY-25-BLK9") -> MAY-25-BLK9 | L34: =IFERROR(__xludf.DUMMYFUNCTION("IFERROR(IF(COUNTA(UNIQUE(FILTER(RC_IN[BLOCK],RC_IN[BLOCK LOC]=L33,RC_IN[STATE]<>""CLOSED"")))>1,""ERROR"",INDEX(UNIQUE(FILTER(RC_IN[BLOCK],RC_IN[BLOCK LOC]=L33,RC_IN[STATE]<>""CLOSED"")),1)),"""") "),"JUNE-25-BLK8") -> JUNE-25-BLK8 | M34: =IFERROR(__xludf.DUMMYFUNCTION("IFERROR(IF(COUNTA(UNIQUE(FILTER(RC_IN[BLOCK],RC_IN[BLOCK LOC]=M33,RC_IN[STATE]<>""CLOSED"")))>1,""ERROR"",INDEX(UNIQUE(FILTER(RC_IN[BLOCK],RC_IN[BLOCK LOC]=M33,RC_IN[STATE]<>""CLOSED"")),1)),"""") "),"") | N34: =IFERROR(__xludf.DUMMYFUNCTION("IFERROR(IF(COUNTA(UNIQUE(FILTER(RC_IN[BLOCK],RC_IN[BLOCK LOC]=N33,RC_IN[STATE]<>""CLOSED"")))>1,""ERROR"",INDEX(UNIQUE(FILTER(RC_IN[BLOCK],RC_IN[BLOCK LOC]=N33,RC_IN[STATE]<>""CLOSED"")),1)),"""") "),"OCT-25-BLK2") -> OCT-25-BLK2 | O34: =IFERROR(__xludf.DUMMYFUNCTION("IFERROR(IF(COUNTA(UNIQUE(FILTER(RC_IN[BLOCK],RC_IN[BLOCK LOC]=O33,RC_IN[STATE]<>""CLOSED"")))>1,""ERROR"",INDEX(UNIQUE(FILTER(RC_IN[BLOCK],RC_IN[BLOCK LOC]=O33,RC_IN[STATE]<>""CLOSED"")),1)),"""") "),"FEB-26-BLK10") -> FEB-26-BLK10 | P34: =IFERROR(__xludf.DUMMYFUNCTION("IFERROR(IF(COUNTA(UNIQUE(FILTER(RC_IN[BLOCK],RC_IN[BLOCK LOC]=P33,RC_IN[STATE]<>""CLOSED"")))>1,""ERROR"",INDEX(UNIQUE(FILTER(RC_IN[BLOCK],RC_IN[BLOCK LOC]=P33,RC_IN[STATE]<>""CLOSED"")),1)),"""") "),"FEB-26-BLK26") -> FEB-26-BLK26 | Q34: =IFERROR(__xludf.DUMMYFUNCTION("IFERROR(IF(COUNTA(UNIQUE(FILTER(RC_IN[BLOCK],RC_IN[BLOCK LOC]=Q33,RC_IN[STATE]<>""CLOSED"")))>1,""ERROR"",INDEX(UNIQUE(FILTER(RC_IN[BLOCK],RC_IN[BLOCK LOC]=Q33,RC_IN[STATE]<>""CLOSED"")),1)),"""") "),"") | R34: =IFERROR(__xludf.DUMMYFUNCTION("IFERROR(IF(COUNTA(UNIQUE(FILTER(RC_IN[BLOCK],RC_IN[BLOCK LOC]=R33,RC_IN[STATE]<>""CLOSED"")))>1,""ERROR"",INDEX(UNIQUE(FILTER(RC_IN[BLOCK],RC_IN[BLOCK LOC]=R33,RC_IN[STATE]<>""CLOSED"")),1)),"""") "),"") | S34: =IFERROR(__xludf.DUMMYFUNCTION("IFERROR(IF(COUNTA(UNIQUE(FILTER(RC_IN[BLOCK],RC_IN[BLOCK LOC]=S33,RC_IN[STATE]<>""CLOSED"")))>1,""ERROR"",INDEX(UNIQUE(FILTER(RC_IN[BLOCK],RC_IN[BLOCK LOC]=S33,RC_IN[STATE]<>""CLOSED"")),1)),"""") "),"AUG-25-BLK2") -> AUG-25-BLK2 | T34: =IFERROR(__xludf.DUMMYFUNCTION("IFERROR(IF(COUNTA(UNIQUE(FILTER(RC_IN[BLOCK],RC_IN[BLOCK LOC]=T33,RC_IN[STATE]<>""CLOSED"")))>1,""ERROR"",INDEX(UNIQUE(FILTER(RC_IN[BLOCK],RC_IN[BLOCK LOC]=T33,RC_IN[STATE]<>""CLOSED"")),1)),"""") "),"AUG-25-BLK5") -> AUG-25-BLK5 | U34: =IFERROR(__xludf.DUMMYFUNCTION("IFERROR(IF(COUNTA(UNIQUE(FILTER(RC_IN[BLOCK],RC_IN[BLOCK LOC]=U33,RC_IN[STATE]<>""CLOSED"")))>1,""ERROR"",INDEX(UNIQUE(FILTER(RC_IN[BLOCK],RC_IN[BLOCK LOC]=U33,RC_IN[STATE]<>""CLOSED"")),1)),"""") "),"AUG-25-BLK12") -> AUG-25-BLK12 | V34: =IFERROR(__xludf.DUMMYFUNCTION("IFERROR(IF(COUNTA(UNIQUE(FILTER(RC_IN[BLOCK],RC_IN[BLOCK LOC]=V33,RC_IN[STATE]<>""CLOSED"")))>1,""ERROR"",INDEX(UNIQUE(FILTER(RC_IN[BLOCK],RC_IN[BLOCK LOC]=V33,RC_IN[STATE]<>""CLOSED"")),1)),"""") "),"SEPT-25-BLK1") -> SEPT-25-BLK1 | W34: =IFERROR(__xludf.DUMMYFUNCTION("IFERROR(IF(COUNTA(UNIQUE(FILTER(RC_IN[BLOCK],RC_IN[BLOCK LOC]=W33,RC_IN[STATE]<>""CLOSED"")))>1,""ERROR"",INDEX(UNIQUE(FILTER(RC_IN[BLOCK],RC_IN[BLOCK LOC]=W33,RC_IN[STATE]<>""CLOSED"")),1)),"""") "),"") | X34: =IFERROR(__xludf.DUMMYFUNCTION("IFERROR(IF(COUNTA(UNIQUE(FILTER(RC_IN[BLOCK],RC_IN[BLOCK LOC]=X33,RC_IN[STATE]<>""CLOSED"")))>1,""ERROR"",INDEX(UNIQUE(FILTER(RC_IN[BLOCK],RC_IN[BLOCK LOC]=X33,RC_IN[STATE]<>""CLOSED"")),1)),"""") "),"FEB-26-BLK13") -> FEB-26-BLK13 | Y34: =IFERROR(__xludf.DUMMYFUNCTION("IFERROR(IF(COUNTA(UNIQUE(FILTER(RC_IN[BLOCK],RC_IN[BLOCK LOC]=Y33,RC_IN[STATE]<>""CLOSED"")))>1,""ERROR"",INDEX(UNIQUE(FILTER(RC_IN[BLOCK],RC_IN[BLOCK LOC]=Y33,RC_IN[STATE]<>""CLOSED"")),1)),"""") "),"FEB-26-BLK27") -> FEB-26-BLK27 | Z34: =IFERROR(__xludf.DUMMYFUNCTION("IFERROR(IF(COUNTA(UNIQUE(FILTER(RC_IN[BLOCK],RC_IN[BLOCK LOC]=Z33,RC_IN[STATE]<>""CLOSED"")))>1,""ERROR"",INDEX(UNIQUE(FILTER(RC_IN[BLOCK],RC_IN[BLOCK LOC]=Z33,RC_IN[STATE]<>""CLOSED"")),1)),"""") "),"NOV-25-BLK15") -> NOV-25-BLK15 | AA34: =IFERROR(__xludf.DUMMYFUNCTION("IFERROR(IF(COUNTA(UNIQUE(FILTER(RC_IN[BLOCK],RC_IN[BLOCK LOC]=AA33,RC_IN[STATE]<>""CLOSED"")))>1,""ERROR"",INDEX(UNIQUE(FILTER(RC_IN[BLOCK],RC_IN[BLOCK LOC]=AA33,RC_IN[STATE]<>""CLOSED"")),1)),"""") "),"APRIL-26-BLK9") -> APRIL-26-BLK9 | AD34: BLOCK | AE34: =IFERROR(__xludf.DUMMYFUNCTION("IFERROR(IF(COUNTA(UNIQUE(FILTER(RC_IN[BLOCK],RC_IN[BLOCK LOC]=AE33,RC_IN[STATE]<>""CLOSED"")))>1,""ERROR"",INDEX(UNIQUE(FILTER(RC_IN[BLOCK],RC_IN[BLOCK LOC]=AE33,RC_IN[STATE]<>""CLOSED"")),1)),"""") "),"") | AF34: =IFERROR(__xludf.DUMMYFUNCTION("IFERROR(IF(COUNTA(UNIQUE(FILTER(RC_IN[BLOCK],RC_IN[BLOCK LOC]=AF33,RC_IN[STATE]<>""CLOSED"")))>1,""ERROR"",INDEX(UNIQUE(FILTER(RC_IN[BLOCK],RC_IN[BLOCK LOC]=AF33,RC_IN[STATE]<>""CLOSED"")),1)),"""") "),"") | AG34: =IFERROR(__xludf.DUMMYFUNCTION("IFERROR(IF(COUNTA(UNIQUE(FILTER(RC_IN[BLOCK],RC_IN[BLOCK LOC]=AG33,RC_IN[STATE]<>""CLOSED"")))>1,""ERROR"",INDEX(UNIQUE(FILTER(RC_IN[BLOCK],RC_IN[BLOCK LOC]=AG33,RC_IN[STATE]<>""CLOSED"")),1)),"""") "),"")
C35: =sum(H35:AA35) -> 942820 | G35: BALANCE | H35: =SUMIFS(RC_IN[WT],RC_IN[BLOCK],H34,RC_IN[BLOCK LOC],H33)-SUMIFS(RC_OUT[WT],RC_OUT[BLOCK],H34,RC_OUT[BLOCK LOC],H33) -> 51490 | I35: =SUMIFS(RC_IN[WT],RC_IN[BLOCK],I34,RC_IN[BLOCK LOC],I33)-SUMIFS(RC_OUT[WT],RC_OUT[BLOCK],I34,RC_OUT[BLOCK LOC],I33) -> 59945 | J35: =SUMIFS(RC_IN[WT],RC_IN[BLOCK],J34,RC_IN[BLOCK LOC],J33)-SUMIFS(RC_OUT[WT],RC_OUT[BLOCK],J34,RC_OUT[BLOCK LOC],J33) -> 46335 | K35: =SUMIFS(RC_IN[WT],RC_IN[BLOCK],K34,RC_IN[BLOCK LOC],K33)-SUMIFS(RC_OUT[WT],RC_OUT[BLOCK],K34,RC_OUT[BLOCK LOC],K33) -> 47780 | L35: =SUMIFS(RC_IN[WT],RC_IN[BLOCK],L34,RC_IN[BLOCK LOC],L33)-SUMIFS(RC_OUT[WT],RC_OUT[BLOCK],L34,RC_OUT[BLOCK LOC],L33) -> 55920 | M35: =SUMIFS(RC_IN[WT],RC_IN[BLOCK],M34,RC_IN[BLOCK LOC],M33)-SUMIFS(RC_OUT[WT],RC_OUT[BLOCK],M34,RC_OUT[BLOCK LOC],M33) -> 0 | N35: =SUMIFS(RC_IN[WT],RC_IN[BLOCK],N34,RC_IN[BLOCK LOC],N33)-SUMIFS(RC_OUT[WT],RC_OUT[BLOCK],N34,RC_OUT[BLOCK LOC],N33) -> 79156 | O35: =SUMIFS(RC_IN[WT],RC_IN[BLOCK],O34,RC_IN[BLOCK LOC],O33)-SUMIFS(RC_OUT[WT],RC_OUT[BLOCK],O34,RC_OUT[BLOCK LOC],O33) -> 66010 | ... AA35: =SUMIFS(RC_IN[WT],RC_IN[BLOCK],AA34,RC_IN[BLOCK LOC],AA33)-SUMIFS(RC_OUT[WT],RC_OUT[BLOCK],AA34,RC_OUT[BLOCK LOC],AA33) -> 70695 | AC35: =sum(AE35:AG35) -> 0 | AD35: BALANCE | AE35: =SUMIFS(RC_IN[WT],RC_IN[BLOCK],AE34,RC_IN[BLOCK LOC],AE33)-SUMIFS(RC_OUT[WT],RC_OUT[BLOCK],AE34,RC_OUT[BLOCK LOC],AE33) -> 0 | AF35: =SUMIFS(RC_IN[WT],RC_IN[BLOCK],AF34,RC_IN[BLOCK LOC],AF33)-SUMIFS(RC_OUT[WT],RC_OUT[BLOCK],AF34,RC_OUT[BLOCK LOC],AF33) -> 0 | AG35: =SUMIFS(RC_IN[WT],RC_IN[BLOCK],AG34,RC_IN[BLOCK LOC],AG33)-SUMIFS(RC_OUT[WT],RC_OUT[BLOCK],AG34,RC_OUT[BLOCK LOC],AG33) -> 0
G36: BD | H36: =IFERROR(__xludf.DUMMYFUNCTION("IFERROR(SUMPRODUCT(FILTER(RC_IN[ASTM],RC_IN[BLOCK]=H34,RC_IN[BLOCK LOC]=H33),FILTER(RC_IN[WT],RC_IN[BLOCK]=H34,RC_IN[BLOCK LOC]=H33))/SUM(FILTER(RC_IN[WT],RC_IN[BLOCK]=H34,RC_IN[BLOCK LOC]=H33)),"""") "),0.5686294426102155) -> 0.56862944 | I36: =IFERROR(__xludf.DUMMYFUNCTION("IFERROR(SUMPRODUCT(FILTER(RC_IN[ASTM],RC_IN[BLOCK]=I34,RC_IN[BLOCK LOC]=I33),FILTER(RC_IN[WT],RC_IN[BLOCK]=I34,RC_IN[BLOCK LOC]=I33))/SUM(FILTER(RC_IN[WT],RC_IN[BLOCK]=I34,RC_IN[BLOCK LOC]=I33)),"""") "),0.572857202435566) -> 0.5728572 | J36: =IFERROR(__xludf.DUMMYFUNCTION("IFERROR(SUMPRODUCT(FILTER(RC_IN[ASTM],RC_IN[BLOCK]=J34,RC_IN[BLOCK LOC]=J33),FILTER(RC_IN[WT],RC_IN[BLOCK]=J34,RC_IN[BLOCK LOC]=J33))/SUM(FILTER(RC_IN[WT],RC_IN[BLOCK]=J34,RC_IN[BLOCK LOC]=J33)),"""") "),0.581506096902989) -> 0.5815061 | K36: =IFERROR(__xludf.DUMMYFUNCTION("IFERROR(SUMPRODUCT(FILTER(RC_IN[ASTM],RC_IN[BLOCK]=K34,RC_IN[BLOCK LOC]=K33),FILTER(RC_IN[WT],RC_IN[BLOCK]=K34,RC_IN[BLOCK LOC]=K33))/SUM(FILTER(RC_IN[WT],RC_IN[BLOCK]=K34,RC_IN[BLOCK LOC]=K33)),"""") "),0.583549183758895) -> 0.58354918 | L36: =IFERROR(__xludf.DUMMYFUNCTION("IFERROR(SUMPRODUCT(FILTER(RC_IN[ASTM],RC_IN[BLOCK]=L34,RC_IN[BLOCK LOC]=L33),FILTER(RC_IN[WT],RC_IN[BLOCK]=L34,RC_IN[BLOCK LOC]=L33))/SUM(FILTER(RC_IN[WT],RC_IN[BLOCK]=L34,RC_IN[BLOCK LOC]=L33)),"""") "),0.5787126251788268) -> 0.57871263 | M36: =IFERROR(__xludf.DUMMYFUNCTION("IFERROR(SUMPRODUCT(FILTER(RC_IN[ASTM],RC_IN[BLOCK]=M34,RC_IN[BLOCK LOC]=M33),FILTER(RC_IN[WT],RC_IN[BLOCK]=M34,RC_IN[BLOCK LOC]=M33))/SUM(FILTER(RC_IN[WT],RC_IN[BLOCK]=M34,RC_IN[BLOCK LOC]=M33)),"""") ")," ") | N36: =IFERROR(__xludf.DUMMYFUNCTION("IFERROR(SUMPRODUCT(FILTER(RC_IN[ASTM],RC_IN[BLOCK]=N34,RC_IN[BLOCK LOC]=N33),FILTER(RC_IN[WT],RC_IN[BLOCK]=N34,RC_IN[BLOCK LOC]=N33))/SUM(FILTER(RC_IN[WT],RC_IN[BLOCK]=N34,RC_IN[BLOCK LOC]=N33)),"""") "),0.556775746626914) -> 0.55677575 | O36: =IFERROR(__xludf.DUMMYFUNCTION("IFERROR(SUMPRODUCT(FILTER(RC_IN[ASTM],RC_IN[BLOCK]=O34,RC_IN[BLOCK LOC]=O33),FILTER(RC_IN[WT],RC_IN[BLOCK]=O34,RC_IN[BLOCK LOC]=O33))/SUM(FILTER(RC_IN[WT],RC_IN[BLOCK]=O34,RC_IN[BLOCK LOC]=O33)),"""") "),0.5621963338888047) -> 0.56219633 | P36: =IFERROR(__xludf.DUMMYFUNCTION("IFERROR(SUMPRODUCT(FILTER(RC_IN[ASTM],RC_IN[BLOCK]=P34,RC_IN[BLOCK LOC]=P33),FILTER(RC_IN[WT],RC_IN[BLOCK]=P34,RC_IN[BLOCK LOC]=P33))/SUM(FILTER(RC_IN[WT],RC_IN[BLOCK]=P34,RC_IN[BLOCK LOC]=P33)),"""") "),0.5702345290696222) -> 0.57023453 | Q36: =IFERROR(__xludf.DUMMYFUNCTION("IFERROR(SUMPRODUCT(FILTER(RC_IN[ASTM],RC_IN[BLOCK]=Q34,RC_IN[BLOCK LOC]=Q33),FILTER(RC_IN[WT],RC_IN[BLOCK]=Q34,RC_IN[BLOCK LOC]=Q33))/SUM(FILTER(RC_IN[WT],RC_IN[BLOCK]=Q34,RC_IN[BLOCK LOC]=Q33)),"""") ")," ") | R36: =IFERROR(__xludf.DUMMYFUNCTION("IFERROR(SUMPRODUCT(FILTER(RC_IN[ASTM],RC_IN[BLOCK]=R34,RC_IN[BLOCK LOC]=R33),FILTER(RC_IN[WT],RC_IN[BLOCK]=R34,RC_IN[BLOCK LOC]=R33))/SUM(FILTER(RC_IN[WT],RC_IN[BLOCK]=R34,RC_IN[BLOCK LOC]=R33)),"""") ")," ") | S36: =IFERROR(__xludf.DUMMYFUNCTION("IFERROR(SUMPRODUCT(FILTER(RC_IN[ASTM],RC_IN[BLOCK]=S34,RC_IN[BLOCK LOC]=S33),FILTER(RC_IN[WT],RC_IN[BLOCK]=S34,RC_IN[BLOCK LOC]=S33))/SUM(FILTER(RC_IN[WT],RC_IN[BLOCK]=S34,RC_IN[BLOCK LOC]=S33)),"""") "),0.5833642328240697) -> 0.58336423 | T36: =IFERROR(__xludf.DUMMYFUNCTION("IFERROR(SUMPRODUCT(FILTER(RC_IN[ASTM],RC_IN[BLOCK]=T34,RC_IN[BLOCK LOC]=T33),FILTER(RC_IN[WT],RC_IN[BLOCK]=T34,RC_IN[BLOCK LOC]=T33))/SUM(FILTER(RC_IN[WT],RC_IN[BLOCK]=T34,RC_IN[BLOCK LOC]=T33)),"""") "),0.5643410373066424) -> 0.56434104 | U36: =IFERROR(__xludf.DUMMYFUNCTION("IFERROR(SUMPRODUCT(FILTER(RC_IN[ASTM],RC_IN[BLOCK]=U34,RC_IN[BLOCK LOC]=U33),FILTER(RC_IN[WT],RC_IN[BLOCK]=U34,RC_IN[BLOCK LOC]=U33))/SUM(FILTER(RC_IN[WT],RC_IN[BLOCK]=U34,RC_IN[BLOCK LOC]=U33)),"""") "),0.5769172987521408) -> 0.5769173 | V36: =IFERROR(__xludf.DUMMYFUNCTION("IFERROR(SUMPRODUCT(FILTER(RC_IN[ASTM],RC_IN[BLOCK]=V34,RC_IN[BLOCK LOC]=V33),FILTER(RC_IN[WT],RC_IN[BLOCK]=V34,RC_IN[BLOCK LOC]=V33))/SUM(FILTER(RC_IN[WT],RC_IN[BLOCK]=V34,RC_IN[BLOCK LOC]=V33)),"""") "),0.5727014563106795) -> 0.57270146 | W36: =IFERROR(__xludf.DUMMYFUNCTION("IFERROR(SUMPRODUCT(FILTER(RC_IN[ASTM],RC_IN[BLOCK]=W34,RC_IN[BLOCK LOC]=W33),FILTER(RC_IN[WT],RC_IN[BLOCK]=W34,RC_IN[BLOCK LOC]=W33))/SUM(FILTER(RC_IN[WT],RC_IN[BLOCK]=W34,RC_IN[BLOCK LOC]=W33)),"""") ")," ") | X36: =IFERROR(__xludf.DUMMYFUNCTION("IFERROR(SUMPRODUCT(FILTER(RC_IN[ASTM],RC_IN[BLOCK]=X34,RC_IN[BLOCK LOC]=X33),FILTER(RC_IN[WT],RC_IN[BLOCK]=X34,RC_IN[BLOCK LOC]=X33))/SUM(FILTER(RC_IN[WT],RC_IN[BLOCK]=X34,RC_IN[BLOCK LOC]=X33)),"""") "),0.5575953693959167) -> 0.55759537 | Y36: =IFERROR(__xludf.DUMMYFUNCTION("IFERROR(SUMPRODUCT(FILTER(RC_IN[ASTM],RC_IN[BLOCK]=Y34,RC_IN[BLOCK LOC]=Y33),FILTER(RC_IN[WT],RC_IN[BLOCK]=Y34,RC_IN[BLOCK LOC]=Y33))/SUM(FILTER(RC_IN[WT],RC_IN[BLOCK]=Y34,RC_IN[BLOCK LOC]=Y33)),"""") "),0.5708873790022339) -> 0.57088738 | Z36: =IFERROR(__xludf.DUMMYFUNCTION("IFERROR(SUMPRODUCT(FILTER(RC_IN[ASTM],RC_IN[BLOCK]=Z34,RC_IN[BLOCK LOC]=Z33),FILTER(RC_IN[WT],RC_IN[BLOCK]=Z34,RC_IN[BLOCK LOC]=Z33))/SUM(FILTER(RC_IN[WT],RC_IN[BLOCK]=Z34,RC_IN[BLOCK LOC]=Z33)),"""") "),0.5801436005998059) -> 0.5801436 | AA36: =IFERROR(__xludf.DUMMYFUNCTION("IFERROR(SUMPRODUCT(FILTER(RC_IN[ASTM],RC_IN[BLOCK]=AA34,RC_IN[BLOCK LOC]=AA33),FILTER(RC_IN[WT],RC_IN[BLOCK]=AA34,RC_IN[BLOCK LOC]=AA33))/SUM(FILTER(RC_IN[WT],RC_IN[BLOCK]=AA34,RC_IN[BLOCK LOC]=AA33)),"""") "),0.5741657118608104) -> 0.57416571 | AD36: BD | AE36: =IFERROR(__xludf.DUMMYFUNCTION("IFERROR(SUMPRODUCT(FILTER(RC_IN[ASTM],RC_IN[BLOCK]=AE34,RC_IN[BLOCK LOC]=AE33),FILTER(RC_IN[WT],RC_IN[BLOCK]=AE34,RC_IN[BLOCK LOC]=AE33))/SUM(FILTER(RC_IN[WT],RC_IN[BLOCK]=AE34,RC_IN[BLOCK LOC]=AE33)),"""") ")," ") | AF36: =IFERROR(__xludf.DUMMYFUNCTION("IFERROR(SUMPRODUCT(FILTER(RC_IN[ASTM],RC_IN[BLOCK]=AF34,RC_IN[BLOCK LOC]=AF33),FILTER(RC_IN[WT],RC_IN[BLOCK]=AF34,RC_IN[BLOCK LOC]=AF33))/SUM(FILTER(RC_IN[WT],RC_IN[BLOCK]=AF34,RC_IN[BLOCK LOC]=AF33)),"""") ")," ") | AG36: =IFERROR(__xludf.DUMMYFUNCTION("IFERROR(SUMPRODUCT(FILTER(RC_IN[ASTM],RC_IN[BLOCK]=AG34,RC_IN[BLOCK LOC]=AG33),FILTER(RC_IN[WT],RC_IN[BLOCK]=AG34,RC_IN[BLOCK LOC]=AG33))/SUM(FILTER(RC_IN[WT],RC_IN[BLOCK]=AG34,RC_IN[BLOCK LOC]=AG33)),"""") ")," ")
G37: ASH | H37: =IFERROR(__xludf.DUMMYFUNCTION("IFERROR(SUMPRODUCT(FILTER(RC_IN[ASH],RC_IN[BLOCK]=H34,RC_IN[BLOCK LOC]=H33),FILTER(RC_IN[WT],RC_IN[BLOCK]=H34,RC_IN[BLOCK LOC]=H33))/SUM(FILTER(RC_IN[WT],RC_IN[BLOCK]=H34,RC_IN[BLOCK LOC]=H33)),"""") "),4.045272868518159) -> 4.0452729 | I37: =IFERROR(__xludf.DUMMYFUNCTION("IFERROR(SUMPRODUCT(FILTER(RC_IN[ASH],RC_IN[BLOCK]=I34,RC_IN[BLOCK LOC]=I33),FILTER(RC_IN[WT],RC_IN[BLOCK]=I34,RC_IN[BLOCK LOC]=I33))/SUM(FILTER(RC_IN[WT],RC_IN[BLOCK]=I34,RC_IN[BLOCK LOC]=I33)),"""") "),3.5705354908666274) -> 3.5705355 | J37: =IFERROR(__xludf.DUMMYFUNCTION("IFERROR(SUMPRODUCT(FILTER(RC_IN[ASH],RC_IN[BLOCK]=J34,RC_IN[BLOCK LOC]=J33),FILTER(RC_IN[WT],RC_IN[BLOCK]=J34,RC_IN[BLOCK LOC]=J33))/SUM(FILTER(RC_IN[WT],RC_IN[BLOCK]=J34,RC_IN[BLOCK LOC]=J33)),"""") "),3.564271069385993) -> 3.5642711 | K37: =IFERROR(__xludf.DUMMYFUNCTION("IFERROR(SUMPRODUCT(FILTER(RC_IN[ASH],RC_IN[BLOCK]=K34,RC_IN[BLOCK LOC]=K33),FILTER(RC_IN[WT],RC_IN[BLOCK]=K34,RC_IN[BLOCK LOC]=K33))/SUM(FILTER(RC_IN[WT],RC_IN[BLOCK]=K34,RC_IN[BLOCK LOC]=K33)),"""") "),3.939824194223525) -> 3.9398242 | L37: =IFERROR(__xludf.DUMMYFUNCTION("IFERROR(SUMPRODUCT(FILTER(RC_IN[ASH],RC_IN[BLOCK]=L34,RC_IN[BLOCK LOC]=L33),FILTER(RC_IN[WT],RC_IN[BLOCK]=L34,RC_IN[BLOCK LOC]=L33))/SUM(FILTER(RC_IN[WT],RC_IN[BLOCK]=L34,RC_IN[BLOCK LOC]=L33)),"""") "),7.236511087267525) -> 7.2365111 | M37: =IFERROR(__xludf.DUMMYFUNCTION("IFERROR(SUMPRODUCT(FILTER(RC_IN[ASH],RC_IN[BLOCK]=M34,RC_IN[BLOCK LOC]=M33),FILTER(RC_IN[WT],RC_IN[BLOCK]=M34,RC_IN[BLOCK LOC]=M33))/SUM(FILTER(RC_IN[WT],RC_IN[BLOCK]=M34,RC_IN[BLOCK LOC]=M33)),"""") ")," ") | N37: =IFERROR(__xludf.DUMMYFUNCTION("IFERROR(SUMPRODUCT(FILTER(RC_IN[ASH],RC_IN[BLOCK]=N34,RC_IN[BLOCK LOC]=N33),FILTER(RC_IN[WT],RC_IN[BLOCK]=N34,RC_IN[BLOCK LOC]=N33))/SUM(FILTER(RC_IN[WT],RC_IN[BLOCK]=N34,RC_IN[BLOCK LOC]=N33)),"""") "),5.98809793319521) -> 5.9880979 | O37: =IFERROR(__xludf.DUMMYFUNCTION("IFERROR(SUMPRODUCT(FILTER(RC_IN[ASH],RC_IN[BLOCK]=O34,RC_IN[BLOCK LOC]=O33),FILTER(RC_IN[WT],RC_IN[BLOCK]=O34,RC_IN[BLOCK LOC]=O33))/SUM(FILTER(RC_IN[WT],RC_IN[BLOCK]=O34,RC_IN[BLOCK LOC]=O33)),"""") "),4.127989698530526) -> 4.1279897 | P37: =IFERROR(__xludf.DUMMYFUNCTION("IFERROR(SUMPRODUCT(FILTER(RC_IN[ASH],RC_IN[BLOCK]=P34,RC_IN[BLOCK LOC]=P33),FILTER(RC_IN[WT],RC_IN[BLOCK]=P34,RC_IN[BLOCK LOC]=P33))/SUM(FILTER(RC_IN[WT],RC_IN[BLOCK]=P34,RC_IN[BLOCK LOC]=P33)),"""") "),5.7877028882398465) -> 5.7877029 | Q37: =IFERROR(__xludf.DUMMYFUNCTION("IFERROR(SUMPRODUCT(FILTER(RC_IN[ASH],RC_IN[BLOCK]=Q34,RC_IN[BLOCK LOC]=Q33),FILTER(RC_IN[WT],RC_IN[BLOCK]=Q34,RC_IN[BLOCK LOC]=Q33))/SUM(FILTER(RC_IN[WT],RC_IN[BLOCK]=Q34,RC_IN[BLOCK LOC]=Q33)),"""") ")," ") | R37: =IFERROR(__xludf.DUMMYFUNCTION("IFERROR(SUMPRODUCT(FILTER(RC_IN[ASH],RC_IN[BLOCK]=R34,RC_IN[BLOCK LOC]=R33),FILTER(RC_IN[WT],RC_IN[BLOCK]=R34,RC_IN[BLOCK LOC]=R33))/SUM(FILTER(RC_IN[WT],RC_IN[BLOCK]=R34,RC_IN[BLOCK LOC]=R33)),"""") ")," ") | S37: =IFERROR(__xludf.DUMMYFUNCTION("IFERROR(SUMPRODUCT(FILTER(RC_IN[ASH],RC_IN[BLOCK]=S34,RC_IN[BLOCK LOC]=S33),FILTER(RC_IN[WT],RC_IN[BLOCK]=S34,RC_IN[BLOCK LOC]=S33))/SUM(FILTER(RC_IN[WT],RC_IN[BLOCK]=S34,RC_IN[BLOCK LOC]=S33)),"""") "),3.2037210610179025) -> 3.2037211 | T37: =IFERROR(__xludf.DUMMYFUNCTION("IFERROR(SUMPRODUCT(FILTER(RC_IN[ASH],RC_IN[BLOCK]=T34,RC_IN[BLOCK LOC]=T33),FILTER(RC_IN[WT],RC_IN[BLOCK]=T34,RC_IN[BLOCK LOC]=T33))/SUM(FILTER(RC_IN[WT],RC_IN[BLOCK]=T34,RC_IN[BLOCK LOC]=T33)),"""") "),5.171506824385805) -> 5.1715068 | U37: =IFERROR(__xludf.DUMMYFUNCTION("IFERROR(SUMPRODUCT(FILTER(RC_IN[ASH],RC_IN[BLOCK]=U34,RC_IN[BLOCK LOC]=U33),FILTER(RC_IN[WT],RC_IN[BLOCK]=U34,RC_IN[BLOCK LOC]=U33))/SUM(FILTER(RC_IN[WT],RC_IN[BLOCK]=U34,RC_IN[BLOCK LOC]=U33)),"""") "),3.29464562433733) -> 3.2946456 | V37: =IFERROR(__xludf.DUMMYFUNCTION("IFERROR(SUMPRODUCT(FILTER(RC_IN[ASH],RC_IN[BLOCK]=V34,RC_IN[BLOCK LOC]=V33),FILTER(RC_IN[WT],RC_IN[BLOCK]=V34,RC_IN[BLOCK LOC]=V33))/SUM(FILTER(RC_IN[WT],RC_IN[BLOCK]=V34,RC_IN[BLOCK LOC]=V33)),"""") "),3.799823354908306) -> 3.7998234 | W37: =IFERROR(__xludf.DUMMYFUNCTION("IFERROR(SUMPRODUCT(FILTER(RC_IN[ASH],RC_IN[BLOCK]=W34,RC_IN[BLOCK LOC]=W33),FILTER(RC_IN[WT],RC_IN[BLOCK]=W34,RC_IN[BLOCK LOC]=W33))/SUM(FILTER(RC_IN[WT],RC_IN[BLOCK]=W34,RC_IN[BLOCK LOC]=W33)),"""") ")," ") | X37: =IFERROR(__xludf.DUMMYFUNCTION("IFERROR(SUMPRODUCT(FILTER(RC_IN[ASH],RC_IN[BLOCK]=X34,RC_IN[BLOCK LOC]=X33),FILTER(RC_IN[WT],RC_IN[BLOCK]=X34,RC_IN[BLOCK LOC]=X33))/SUM(FILTER(RC_IN[WT],RC_IN[BLOCK]=X34,RC_IN[BLOCK LOC]=X33)),"""") "),3.721327159194556) -> 3.7213272 | Y37: =IFERROR(__xludf.DUMMYFUNCTION("IFERROR(SUMPRODUCT(FILTER(RC_IN[ASH],RC_IN[BLOCK]=Y34,RC_IN[BLOCK LOC]=Y33),FILTER(RC_IN[WT],RC_IN[BLOCK]=Y34,RC_IN[BLOCK LOC]=Y33))/SUM(FILTER(RC_IN[WT],RC_IN[BLOCK]=Y34,RC_IN[BLOCK LOC]=Y33)),"""") "),3.6283516381236036) -> 3.6283516 | Z37: =IFERROR(__xludf.DUMMYFUNCTION("IFERROR(SUMPRODUCT(FILTER(RC_IN[ASH],RC_IN[BLOCK]=Z34,RC_IN[BLOCK LOC]=Z33),FILTER(RC_IN[WT],RC_IN[BLOCK]=Z34,RC_IN[BLOCK LOC]=Z33))/SUM(FILTER(RC_IN[WT],RC_IN[BLOCK]=Z34,RC_IN[BLOCK LOC]=Z33)),"""") "),3.29644438563994) -> 3.2964444 | AA37: =IFERROR(__xludf.DUMMYFUNCTION("IFERROR(SUMPRODUCT(FILTER(RC_IN[ASH],RC_IN[BLOCK]=AA34,RC_IN[BLOCK LOC]=AA33),FILTER(RC_IN[WT],RC_IN[BLOCK]=AA34,RC_IN[BLOCK LOC]=AA33))/SUM(FILTER(RC_IN[WT],RC_IN[BLOCK]=AA34,RC_IN[BLOCK LOC]=AA33)),"""") "),3.1353808614470613) -> 3.1353809 | AD37: ASH | AE37: =IFERROR(__xludf.DUMMYFUNCTION("IFERROR(SUMPRODUCT(FILTER(RC_IN[ASH],RC_IN[BLOCK]=AE34,RC_IN[BLOCK LOC]=AE33),FILTER(RC_IN[WT],RC_IN[BLOCK]=AE34,RC_IN[BLOCK LOC]=AE33))/SUM(FILTER(RC_IN[WT],RC_IN[BLOCK]=AE34,RC_IN[BLOCK LOC]=AE33)),"""") ")," ") | AF37: =IFERROR(__xludf.DUMMYFUNCTION("IFERROR(SUMPRODUCT(FILTER(RC_IN[ASH],RC_IN[BLOCK]=AF34,RC_IN[BLOCK LOC]=AF33),FILTER(RC_IN[WT],RC_IN[BLOCK]=AF34,RC_IN[BLOCK LOC]=AF33))/SUM(FILTER(RC_IN[WT],RC_IN[BLOCK]=AF34,RC_IN[BLOCK LOC]=AF33)),"""") ")," ") | AG37: =IFERROR(__xludf.DUMMYFUNCTION("IFERROR(SUMPRODUCT(FILTER(RC_IN[ASH],RC_IN[BLOCK]=AG34,RC_IN[BLOCK LOC]=AG33),FILTER(RC_IN[WT],RC_IN[BLOCK]=AG34,RC_IN[BLOCK LOC]=AG33))/SUM(FILTER(RC_IN[WT],RC_IN[BLOCK]=AG34,RC_IN[BLOCK LOC]=AG33)),"""") ")," ")
G38: MC | H38: =IFERROR(__xludf.DUMMYFUNCTION("IFERROR(SUMPRODUCT(FILTER(RC_IN[MC],RC_IN[BLOCK]=H34,RC_IN[BLOCK LOC]=H33),FILTER(RC_IN[WT],RC_IN[BLOCK]=H34,RC_IN[BLOCK LOC]=H33)) / SUM(FILTER(RC_IN[WT],RC_IN[BLOCK]=H34,RC_IN[BLOCK LOC]=H33)),"""") "),9.702664595067004) -> 9.7026646 | I38: =IFERROR(__xludf.DUMMYFUNCTION("IFERROR(SUMPRODUCT(FILTER(RC_IN[MC],RC_IN[BLOCK]=I34,RC_IN[BLOCK LOC]=I33),FILTER(RC_IN[WT],RC_IN[BLOCK]=I34,RC_IN[BLOCK LOC]=I33)) / SUM(FILTER(RC_IN[WT],RC_IN[BLOCK]=I34,RC_IN[BLOCK LOC]=I33)),"""") "),9.63220869130036) -> 9.6322087 | J38: =IFERROR(__xludf.DUMMYFUNCTION("IFERROR(SUMPRODUCT(FILTER(RC_IN[MC],RC_IN[BLOCK]=J34,RC_IN[BLOCK LOC]=J33),FILTER(RC_IN[WT],RC_IN[BLOCK]=J34,RC_IN[BLOCK LOC]=J33)) / SUM(FILTER(RC_IN[WT],RC_IN[BLOCK]=J34,RC_IN[BLOCK LOC]=J33)),"""") "),7.6480112226178925) -> 7.6480112 | K38: =IFERROR(__xludf.DUMMYFUNCTION("IFERROR(SUMPRODUCT(FILTER(RC_IN[MC],RC_IN[BLOCK]=K34,RC_IN[BLOCK LOC]=K33),FILTER(RC_IN[WT],RC_IN[BLOCK]=K34,RC_IN[BLOCK LOC]=K33)) / SUM(FILTER(RC_IN[WT],RC_IN[BLOCK]=K34,RC_IN[BLOCK LOC]=K33)),"""") "),9.238394725826705) -> 9.2383947 | L38: =IFERROR(__xludf.DUMMYFUNCTION("IFERROR(SUMPRODUCT(FILTER(RC_IN[MC],RC_IN[BLOCK]=L34,RC_IN[BLOCK LOC]=L33),FILTER(RC_IN[WT],RC_IN[BLOCK]=L34,RC_IN[BLOCK LOC]=L33)) / SUM(FILTER(RC_IN[WT],RC_IN[BLOCK]=L34,RC_IN[BLOCK LOC]=L33)),"""") "),10.602864806866952) -> 10.602865 | M38: =IFERROR(__xludf.DUMMYFUNCTION("IFERROR(SUMPRODUCT(FILTER(RC_IN[MC],RC_IN[BLOCK]=M34,RC_IN[BLOCK LOC]=M33),FILTER(RC_IN[WT],RC_IN[BLOCK]=M34,RC_IN[BLOCK LOC]=M33)) / SUM(FILTER(RC_IN[WT],RC_IN[BLOCK]=M34,RC_IN[BLOCK LOC]=M33)),"""") "),"") | N38: =IFERROR(__xludf.DUMMYFUNCTION("IFERROR(SUMPRODUCT(FILTER(RC_IN[MC],RC_IN[BLOCK]=N34,RC_IN[BLOCK LOC]=N33),FILTER(RC_IN[WT],RC_IN[BLOCK]=N34,RC_IN[BLOCK LOC]=N33)) / SUM(FILTER(RC_IN[WT],RC_IN[BLOCK]=N34,RC_IN[BLOCK LOC]=N33)),"""") "),12.231915963414018) -> 12.231916 | O38: =IFERROR(__xludf.DUMMYFUNCTION("IFERROR(SUMPRODUCT(FILTER(RC_IN[MC],RC_IN[BLOCK]=O34,RC_IN[BLOCK LOC]=O33),FILTER(RC_IN[WT],RC_IN[BLOCK]=O34,RC_IN[BLOCK LOC]=O33)) / SUM(FILTER(RC_IN[WT],RC_IN[BLOCK]=O34,RC_IN[BLOCK LOC]=O33)),"""") "),10.2997788213907) -> 10.299779 | P38: =IFERROR(__xludf.DUMMYFUNCTION("IFERROR(SUMPRODUCT(FILTER(RC_IN[MC],RC_IN[BLOCK]=P34,RC_IN[BLOCK LOC]=P33),FILTER(RC_IN[WT],RC_IN[BLOCK]=P34,RC_IN[BLOCK LOC]=P33)) / SUM(FILTER(RC_IN[WT],RC_IN[BLOCK]=P34,RC_IN[BLOCK LOC]=P33)),"""") "),12.442054469657256) -> 12.442054 | Q38: =IFERROR(__xludf.DUMMYFUNCTION("IFERROR(SUMPRODUCT(FILTER(RC_IN[MC],RC_IN[BLOCK]=Q34,RC_IN[BLOCK LOC]=Q33),FILTER(RC_IN[WT],RC_IN[BLOCK]=Q34,RC_IN[BLOCK LOC]=Q33)) / SUM(FILTER(RC_IN[WT],RC_IN[BLOCK]=Q34,RC_IN[BLOCK LOC]=Q33)),"""") "),"") | R38: =IFERROR(__xludf.DUMMYFUNCTION("IFERROR(SUMPRODUCT(FILTER(RC_IN[MC],RC_IN[BLOCK]=R34,RC_IN[BLOCK LOC]=R33),FILTER(RC_IN[WT],RC_IN[BLOCK]=R34,RC_IN[BLOCK LOC]=R33)) / SUM(FILTER(RC_IN[WT],RC_IN[BLOCK]=R34,RC_IN[BLOCK LOC]=R33)),"""") "),"") | S38: =IFERROR(__xludf.DUMMYFUNCTION("IFERROR(SUMPRODUCT(FILTER(RC_IN[MC],RC_IN[BLOCK]=S34,RC_IN[BLOCK LOC]=S33),FILTER(RC_IN[WT],RC_IN[BLOCK]=S34,RC_IN[BLOCK LOC]=S33)) / SUM(FILTER(RC_IN[WT],RC_IN[BLOCK]=S34,RC_IN[BLOCK LOC]=S33)),"""") "),9.562504452151092) -> 9.5625045 | T38: =IFERROR(__xludf.DUMMYFUNCTION("IFERROR(SUMPRODUCT(FILTER(RC_IN[MC],RC_IN[BLOCK]=T34,RC_IN[BLOCK LOC]=T33),FILTER(RC_IN[WT],RC_IN[BLOCK]=T34,RC_IN[BLOCK LOC]=T33)) / SUM(FILTER(RC_IN[WT],RC_IN[BLOCK]=T34,RC_IN[BLOCK LOC]=T33)),"""") "),10.49218653321201) -> 10.492187 | U38: =IFERROR(__xludf.DUMMYFUNCTION("IFERROR(SUMPRODUCT(FILTER(RC_IN[MC],RC_IN[BLOCK]=U34,RC_IN[BLOCK LOC]=U33),FILTER(RC_IN[WT],RC_IN[BLOCK]=U34,RC_IN[BLOCK LOC]=U33)) / SUM(FILTER(RC_IN[WT],RC_IN[BLOCK]=U34,RC_IN[BLOCK LOC]=U33)),"""") "),10.64657858249735) -> 10.646579 | V38: =IFERROR(__xludf.DUMMYFUNCTION("IFERROR(SUMPRODUCT(FILTER(RC_IN[MC],RC_IN[BLOCK]=V34,RC_IN[BLOCK LOC]=V33),FILTER(RC_IN[WT],RC_IN[BLOCK]=V34,RC_IN[BLOCK LOC]=V33)) / SUM(FILTER(RC_IN[WT],RC_IN[BLOCK]=V34,RC_IN[BLOCK LOC]=V33)),"""") "),10.697930151024812) -> 10.69793 | W38: =IFERROR(__xludf.DUMMYFUNCTION("IFERROR(SUMPRODUCT(FILTER(RC_IN[MC],RC_IN[BLOCK]=W34,RC_IN[BLOCK LOC]=W33),FILTER(RC_IN[WT],RC_IN[BLOCK]=W34,RC_IN[BLOCK LOC]=W33)) / SUM(FILTER(RC_IN[WT],RC_IN[BLOCK]=W34,RC_IN[BLOCK LOC]=W33)),"""") "),"") | X38: =IFERROR(__xludf.DUMMYFUNCTION("IFERROR(SUMPRODUCT(FILTER(RC_IN[MC],RC_IN[BLOCK]=X34,RC_IN[BLOCK LOC]=X33),FILTER(RC_IN[WT],RC_IN[BLOCK]=X34,RC_IN[BLOCK LOC]=X33)) / SUM(FILTER(RC_IN[WT],RC_IN[BLOCK]=X34,RC_IN[BLOCK LOC]=X33)),"""") "),10.827155826843471) -> 10.827156 | Y38: =IFERROR(__xludf.DUMMYFUNCTION("IFERROR(SUMPRODUCT(FILTER(RC_IN[MC],RC_IN[BLOCK]=Y34,RC_IN[BLOCK LOC]=Y33),FILTER(RC_IN[WT],RC_IN[BLOCK]=Y34,RC_IN[BLOCK LOC]=Y33)) / SUM(FILTER(RC_IN[WT],RC_IN[BLOCK]=Y34,RC_IN[BLOCK LOC]=Y33)),"""") "),11.164922747580045) -> 11.164923 | Z38: =IFERROR(__xludf.DUMMYFUNCTION("IFERROR(SUMPRODUCT(FILTER(RC_IN[MC],RC_IN[BLOCK]=Z34,RC_IN[BLOCK LOC]=Z33),FILTER(RC_IN[WT],RC_IN[BLOCK]=Z34,RC_IN[BLOCK LOC]=Z33)) / SUM(FILTER(RC_IN[WT],RC_IN[BLOCK]=Z34,RC_IN[BLOCK LOC]=Z33)),"""") "),10.205107171209315) -> 10.205107 | AA38: =IFERROR(__xludf.DUMMYFUNCTION("IFERROR(SUMPRODUCT(FILTER(RC_IN[MC],RC_IN[BLOCK]=AA34,RC_IN[BLOCK LOC]=AA33),FILTER(RC_IN[WT],RC_IN[BLOCK]=AA34,RC_IN[BLOCK LOC]=AA33)) / SUM(FILTER(RC_IN[WT],RC_IN[BLOCK]=AA34,RC_IN[BLOCK LOC]=AA33)),"""") "),9.692887050003536) -> 9.692887 | AD38: MC | AE38: =IFERROR(__xludf.DUMMYFUNCTION("IFERROR(SUMPRODUCT(FILTER(RC_IN[MC],RC_IN[BLOCK]=AE34,RC_IN[BLOCK LOC]=AE33),FILTER(RC_IN[WT],RC_IN[BLOCK]=AE34,RC_IN[BLOCK LOC]=AE33)) / SUM(FILTER(RC_IN[WT],RC_IN[BLOCK]=AE34,RC_IN[BLOCK LOC]=AE33)),"""") "),"") | AF38: =IFERROR(__xludf.DUMMYFUNCTION("IFERROR(SUMPRODUCT(FILTER(RC_IN[MC],RC_IN[BLOCK]=AF34,RC_IN[BLOCK LOC]=AF33),FILTER(RC_IN[WT],RC_IN[BLOCK]=AF34,RC_IN[BLOCK LOC]=AF33)) / SUM(FILTER(RC_IN[WT],RC_IN[BLOCK]=AF34,RC_IN[BLOCK LOC]=AF33)),"""") "),"") | AG38: =IFERROR(__xludf.DUMMYFUNCTION("IFERROR(SUMPRODUCT(FILTER(RC_IN[MC],RC_IN[BLOCK]=AG34,RC_IN[BLOCK LOC]=AG33),FILTER(RC_IN[WT],RC_IN[BLOCK]=AG34,RC_IN[BLOCK LOC]=AG33)) / SUM(FILTER(RC_IN[WT],RC_IN[BLOCK]=AG34,RC_IN[BLOCK LOC]=AG33)),"""") "),"")
D39: =D33 -> C | G39: B | H39: =CONCATENATE($D39,"-",H$1,$G39) -> C-1B | I39: =CONCATENATE($D39,"-",I$1,$G39) -> C-2B | J39: =CONCATENATE($D39,"-",J$1,$G39) -> C-3B | K39: =CONCATENATE($D39,"-",K$1,$G39) -> C-4B | L39: =CONCATENATE($D39,"-",L$1,$G39) -> C-5B | M39: =CONCATENATE($D39,"-",M$1,$G39) -> C-6B | N39: =CONCATENATE($D39,"-",N$1,$G39) -> C-7B | O39: =CONCATENATE($D39,"-",O$1,$G39) -> C-8B | ... AA39: =CONCATENATE($D39,"-",AA$1,$G39) -> C-20B
F40: =IF(COUNTIF(G40:Z40,"ERROR")=0,"CLEAR",COUNTIF(G40:Z40,"ERROR")&" ERRORS") -> CLEAR | G40: BLOCK | H40: =IFERROR(__xludf.DUMMYFUNCTION("IFERROR(IF(COUNTA(UNIQUE(FILTER(RC_IN[BLOCK],RC_IN[BLOCK LOC]=H39,RC_IN[STATE]<>""CLOSED"")))>1,""ERROR"",INDEX(UNIQUE(FILTER(RC_IN[BLOCK],RC_IN[BLOCK LOC]=H39,RC_IN[STATE]<>""CLOSED"")),1)),"""") "),"OCT-25-BLK5") -> OCT-25-BLK5 | I40: =IFERROR(__xludf.DUMMYFUNCTION("IFERROR(IF(COUNTA(UNIQUE(FILTER(RC_IN[BLOCK],RC_IN[BLOCK LOC]=I39,RC_IN[STATE]<>""CLOSED"")))>1,""ERROR"",INDEX(UNIQUE(FILTER(RC_IN[BLOCK],RC_IN[BLOCK LOC]=I39,RC_IN[STATE]<>""CLOSED"")),1)),"""") "),"OCT-25-BLK21") -> OCT-25-BLK21 | J40: =IFERROR(__xludf.DUMMYFUNCTION("IFERROR(IF(COUNTA(UNIQUE(FILTER(RC_IN[BLOCK],RC_IN[BLOCK LOC]=J39,RC_IN[STATE]<>""CLOSED"")))>1,""ERROR"",INDEX(UNIQUE(FILTER(RC_IN[BLOCK],RC_IN[BLOCK LOC]=J39,RC_IN[STATE]<>""CLOSED"")),1)),"""") "),"") | K40: =IFERROR(__xludf.DUMMYFUNCTION("IFERROR(IF(COUNTA(UNIQUE(FILTER(RC_IN[BLOCK],RC_IN[BLOCK LOC]=K39,RC_IN[STATE]<>""CLOSED"")))>1,""ERROR"",INDEX(UNIQUE(FILTER(RC_IN[BLOCK],RC_IN[BLOCK LOC]=K39,RC_IN[STATE]<>""CLOSED"")),1)),"""") "),"JUNE-25-BLK3") -> JUNE-25-BLK3 | L40: =IFERROR(__xludf.DUMMYFUNCTION("IFERROR(IF(COUNTA(UNIQUE(FILTER(RC_IN[BLOCK],RC_IN[BLOCK LOC]=L39,RC_IN[STATE]<>""CLOSED"")))>1,""ERROR"",INDEX(UNIQUE(FILTER(RC_IN[BLOCK],RC_IN[BLOCK LOC]=L39,RC_IN[STATE]<>""CLOSED"")),1)),"""") "),"JULY-25-BLK2") -> JULY-25-BLK2 | M40: =IFERROR(__xludf.DUMMYFUNCTION("IFERROR(IF(COUNTA(UNIQUE(FILTER(RC_IN[BLOCK],RC_IN[BLOCK LOC]=M39,RC_IN[STATE]<>""CLOSED"")))>1,""ERROR"",INDEX(UNIQUE(FILTER(RC_IN[BLOCK],RC_IN[BLOCK LOC]=M39,RC_IN[STATE]<>""CLOSED"")),1)),"""") "),"") | N40: =IFERROR(__xludf.DUMMYFUNCTION("IFERROR(IF(COUNTA(UNIQUE(FILTER(RC_IN[BLOCK],RC_IN[BLOCK LOC]=N39,RC_IN[STATE]<>""CLOSED"")))>1,""ERROR"",INDEX(UNIQUE(FILTER(RC_IN[BLOCK],RC_IN[BLOCK LOC]=N39,RC_IN[STATE]<>""CLOSED"")),1)),"""") "),"NOV-25-BLK10") -> NOV-25-BLK10 | O40: =IFERROR(__xludf.DUMMYFUNCTION("IFERROR(IF(COUNTA(UNIQUE(FILTER(RC_IN[BLOCK],RC_IN[BLOCK LOC]=O39,RC_IN[STATE]<>""CLOSED"")))>1,""ERROR"",INDEX(UNIQUE(FILTER(RC_IN[BLOCK],RC_IN[BLOCK LOC]=O39,RC_IN[STATE]<>""CLOSED"")),1)),"""") "),"JAN-26-BLK23") -> JAN-26-BLK23 | P40: =IFERROR(__xludf.DUMMYFUNCTION("IFERROR(IF(COUNTA(UNIQUE(FILTER(RC_IN[BLOCK],RC_IN[BLOCK LOC]=P39,RC_IN[STATE]<>""CLOSED"")))>1,""ERROR"",INDEX(UNIQUE(FILTER(RC_IN[BLOCK],RC_IN[BLOCK LOC]=P39,RC_IN[STATE]<>""CLOSED"")),1)),"""") "),"NOV-25-BLK6") -> NOV-25-BLK6 | Q40: =IFERROR(__xludf.DUMMYFUNCTION("IFERROR(IF(COUNTA(UNIQUE(FILTER(RC_IN[BLOCK],RC_IN[BLOCK LOC]=Q39,RC_IN[STATE]<>""CLOSED"")))>1,""ERROR"",INDEX(UNIQUE(FILTER(RC_IN[BLOCK],RC_IN[BLOCK LOC]=Q39,RC_IN[STATE]<>""CLOSED"")),1)),"""") "),"") | R40: =IFERROR(__xludf.DUMMYFUNCTION("IFERROR(IF(COUNTA(UNIQUE(FILTER(RC_IN[BLOCK],RC_IN[BLOCK LOC]=R39,RC_IN[STATE]<>""CLOSED"")))>1,""ERROR"",INDEX(UNIQUE(FILTER(RC_IN[BLOCK],RC_IN[BLOCK LOC]=R39,RC_IN[STATE]<>""CLOSED"")),1)),"""") "),"JULY-25-BLK9") -> JULY-25-BLK9 | S40: =IFERROR(__xludf.DUMMYFUNCTION("IFERROR(IF(COUNTA(UNIQUE(FILTER(RC_IN[BLOCK],RC_IN[BLOCK LOC]=S39,RC_IN[STATE]<>""CLOSED"")))>1,""ERROR"",INDEX(UNIQUE(FILTER(RC_IN[BLOCK],RC_IN[BLOCK LOC]=S39,RC_IN[STATE]<>""CLOSED"")),1)),"""") "),"AUG-25-BLK4") -> AUG-25-BLK4 | T40: =IFERROR(__xludf.DUMMYFUNCTION("IFERROR(IF(COUNTA(UNIQUE(FILTER(RC_IN[BLOCK],RC_IN[BLOCK LOC]=T39,RC_IN[STATE]<>""CLOSED"")))>1,""ERROR"",INDEX(UNIQUE(FILTER(RC_IN[BLOCK],RC_IN[BLOCK LOC]=T39,RC_IN[STATE]<>""CLOSED"")),1)),"""") "),"AUG-25-BLK10") -> AUG-25-BLK10 | U40: =IFERROR(__xludf.DUMMYFUNCTION("IFERROR(IF(COUNTA(UNIQUE(FILTER(RC_IN[BLOCK],RC_IN[BLOCK LOC]=U39,RC_IN[STATE]<>""CLOSED"")))>1,""ERROR"",INDEX(UNIQUE(FILTER(RC_IN[BLOCK],RC_IN[BLOCK LOC]=U39,RC_IN[STATE]<>""CLOSED"")),1)),"""") "),"AUG-25-BLK15") -> AUG-25-BLK15 | V40: =IFERROR(__xludf.DUMMYFUNCTION("IFERROR(IF(COUNTA(UNIQUE(FILTER(RC_IN[BLOCK],RC_IN[BLOCK LOC]=V39,RC_IN[STATE]<>""CLOSED"")))>1,""ERROR"",INDEX(UNIQUE(FILTER(RC_IN[BLOCK],RC_IN[BLOCK LOC]=V39,RC_IN[STATE]<>""CLOSED"")),1)),"""") "),"SEPT-25-BLK7") -> SEPT-25-BLK7 | W40: =IFERROR(__xludf.DUMMYFUNCTION("IFERROR(IF(COUNTA(UNIQUE(FILTER(RC_IN[BLOCK],RC_IN[BLOCK LOC]=W39,RC_IN[STATE]<>""CLOSED"")))>1,""ERROR"",INDEX(UNIQUE(FILTER(RC_IN[BLOCK],RC_IN[BLOCK LOC]=W39,RC_IN[STATE]<>""CLOSED"")),1)),"""") "),"") | X40: =IFERROR(__xludf.DUMMYFUNCTION("IFERROR(IF(COUNTA(UNIQUE(FILTER(RC_IN[BLOCK],RC_IN[BLOCK LOC]=X39,RC_IN[STATE]<>""CLOSED"")))>1,""ERROR"",INDEX(UNIQUE(FILTER(RC_IN[BLOCK],RC_IN[BLOCK LOC]=X39,RC_IN[STATE]<>""CLOSED"")),1)),"""") "),"FEB-26-BLK17") -> FEB-26-BLK17 | Y40: =IFERROR(__xludf.DUMMYFUNCTION("IFERROR(IF(COUNTA(UNIQUE(FILTER(RC_IN[BLOCK],RC_IN[BLOCK LOC]=Y39,RC_IN[STATE]<>""CLOSED"")))>1,""ERROR"",INDEX(UNIQUE(FILTER(RC_IN[BLOCK],RC_IN[BLOCK LOC]=Y39,RC_IN[STATE]<>""CLOSED"")),1)),"""") "),"MARCH-26-BLK1") -> MARCH-26-BLK1 | Z40: =IFERROR(__xludf.DUMMYFUNCTION("IFERROR(IF(COUNTA(UNIQUE(FILTER(RC_IN[BLOCK],RC_IN[BLOCK LOC]=Z39,RC_IN[STATE]<>""CLOSED"")))>1,""ERROR"",INDEX(UNIQUE(FILTER(RC_IN[BLOCK],RC_IN[BLOCK LOC]=Z39,RC_IN[STATE]<>""CLOSED"")),1)),"""") "),"DEC-25-BLK2") -> DEC-25-BLK2 | AA40: =IFERROR(__xludf.DUMMYFUNCTION("IFERROR(IF(COUNTA(UNIQUE(FILTER(RC_IN[BLOCK],RC_IN[BLOCK LOC]=AA39,RC_IN[STATE]<>""CLOSED"")))>1,""ERROR"",INDEX(UNIQUE(FILTER(RC_IN[BLOCK],RC_IN[BLOCK LOC]=AA39,RC_IN[STATE]<>""CLOSED"")),1)),"""") "),"MAY-26-BLK1") -> MAY-26-BLK1
C41: =sum(H41:AA41) -> 863789 | G41: BALANCE | H41: =SUMIFS(RC_IN[WT],RC_IN[BLOCK],H40,RC_IN[BLOCK LOC],H39)-SUMIFS(RC_OUT[WT],RC_OUT[BLOCK],H40,RC_OUT[BLOCK LOC],H39) -> 51195 | I41: =SUMIFS(RC_IN[WT],RC_IN[BLOCK],I40,RC_IN[BLOCK LOC],I39)-SUMIFS(RC_OUT[WT],RC_OUT[BLOCK],I40,RC_OUT[BLOCK LOC],I39) -> 52850 | J41: =SUMIFS(RC_IN[WT],RC_IN[BLOCK],J40,RC_IN[BLOCK LOC],J39)-SUMIFS(RC_OUT[WT],RC_OUT[BLOCK],J40,RC_OUT[BLOCK LOC],J39) -> 0 | K41: =SUMIFS(RC_IN[WT],RC_IN[BLOCK],K40,RC_IN[BLOCK LOC],K39)-SUMIFS(RC_OUT[WT],RC_OUT[BLOCK],K40,RC_OUT[BLOCK LOC],K39) -> 58140 | L41: =SUMIFS(RC_IN[WT],RC_IN[BLOCK],L40,RC_IN[BLOCK LOC],L39)-SUMIFS(RC_OUT[WT],RC_OUT[BLOCK],L40,RC_OUT[BLOCK LOC],L39) -> 52240 | M41: =SUMIFS(RC_IN[WT],RC_IN[BLOCK],M40,RC_IN[BLOCK LOC],M39)-SUMIFS(RC_OUT[WT],RC_OUT[BLOCK],M40,RC_OUT[BLOCK LOC],M39) -> 0 | N41: =SUMIFS(RC_IN[WT],RC_IN[BLOCK],N40,RC_IN[BLOCK LOC],N39)-SUMIFS(RC_OUT[WT],RC_OUT[BLOCK],N40,RC_OUT[BLOCK LOC],N39) -> 58260 | O41: =SUMIFS(RC_IN[WT],RC_IN[BLOCK],O40,RC_IN[BLOCK LOC],O39)-SUMIFS(RC_OUT[WT],RC_OUT[BLOCK],O40,RC_OUT[BLOCK LOC],O39) -> 57855 | ... AA41: =SUMIFS(RC_IN[WT],RC_IN[BLOCK],AA40,RC_IN[BLOCK LOC],AA39)-SUMIFS(RC_OUT[WT],RC_OUT[BLOCK],AA40,RC_OUT[BLOCK LOC],AA39) -> 57225
G42: BD | H42: =IFERROR(__xludf.DUMMYFUNCTION("IFERROR(SUMPRODUCT(FILTER(RC_IN[ASTM],RC_IN[BLOCK]=H40,RC_IN[BLOCK LOC]=H39),FILTER(RC_IN[WT],RC_IN[BLOCK]=H40,RC_IN[BLOCK LOC]=H39))/SUM(FILTER(RC_IN[WT],RC_IN[BLOCK]=H40,RC_IN[BLOCK LOC]=H39)),"""") "),0.5795048344564898) -> 0.57950483 | I42: =IFERROR(__xludf.DUMMYFUNCTION("IFERROR(SUMPRODUCT(FILTER(RC_IN[ASTM],RC_IN[BLOCK]=I40,RC_IN[BLOCK LOC]=I39),FILTER(RC_IN[WT],RC_IN[BLOCK]=I40,RC_IN[BLOCK LOC]=I39))/SUM(FILTER(RC_IN[WT],RC_IN[BLOCK]=I40,RC_IN[BLOCK LOC]=I39)),"""") "),0.5746399243140965) -> 0.57463992 | J42: =IFERROR(__xludf.DUMMYFUNCTION("IFERROR(SUMPRODUCT(FILTER(RC_IN[ASTM],RC_IN[BLOCK]=J40,RC_IN[BLOCK LOC]=J39),FILTER(RC_IN[WT],RC_IN[BLOCK]=J40,RC_IN[BLOCK LOC]=J39))/SUM(FILTER(RC_IN[WT],RC_IN[BLOCK]=J40,RC_IN[BLOCK LOC]=J39)),"""") ")," ") | K42: =IFERROR(__xludf.DUMMYFUNCTION("IFERROR(SUMPRODUCT(FILTER(RC_IN[ASTM],RC_IN[BLOCK]=K40,RC_IN[BLOCK LOC]=K39),FILTER(RC_IN[WT],RC_IN[BLOCK]=K40,RC_IN[BLOCK LOC]=K39))/SUM(FILTER(RC_IN[WT],RC_IN[BLOCK]=K40,RC_IN[BLOCK LOC]=K39)),"""") "),0.5647218782249742) -> 0.56472188 | L42: =IFERROR(__xludf.DUMMYFUNCTION("IFERROR(SUMPRODUCT(FILTER(RC_IN[ASTM],RC_IN[BLOCK]=L40,RC_IN[BLOCK LOC]=L39),FILTER(RC_IN[WT],RC_IN[BLOCK]=L40,RC_IN[BLOCK LOC]=L39))/SUM(FILTER(RC_IN[WT],RC_IN[BLOCK]=L40,RC_IN[BLOCK LOC]=L39)),"""") "),0.5820382848392036) -> 0.58203828 | M42: =IFERROR(__xludf.DUMMYFUNCTION("IFERROR(SUMPRODUCT(FILTER(RC_IN[ASTM],RC_IN[BLOCK]=M40,RC_IN[BLOCK LOC]=M39),FILTER(RC_IN[WT],RC_IN[BLOCK]=M40,RC_IN[BLOCK LOC]=M39))/SUM(FILTER(RC_IN[WT],RC_IN[BLOCK]=M40,RC_IN[BLOCK LOC]=M39)),"""") ")," ") | N42: =IFERROR(__xludf.DUMMYFUNCTION("IFERROR(SUMPRODUCT(FILTER(RC_IN[ASTM],RC_IN[BLOCK]=N40,RC_IN[BLOCK LOC]=N39),FILTER(RC_IN[WT],RC_IN[BLOCK]=N40,RC_IN[BLOCK LOC]=N39))/SUM(FILTER(RC_IN[WT],RC_IN[BLOCK]=N40,RC_IN[BLOCK LOC]=N39)),"""") "),0.5669079986268452) -> 0.566908 | O42: =IFERROR(__xludf.DUMMYFUNCTION("IFERROR(SUMPRODUCT(FILTER(RC_IN[ASTM],RC_IN[BLOCK]=O40,RC_IN[BLOCK LOC]=O39),FILTER(RC_IN[WT],RC_IN[BLOCK]=O40,RC_IN[BLOCK LOC]=O39))/SUM(FILTER(RC_IN[WT],RC_IN[BLOCK]=O40,RC_IN[BLOCK LOC]=O39)),"""") "),0.5645416645060929) -> 0.56454166 | P42: =IFERROR(__xludf.DUMMYFUNCTION("IFERROR(SUMPRODUCT(FILTER(RC_IN[ASTM],RC_IN[BLOCK]=P40,RC_IN[BLOCK LOC]=P39),FILTER(RC_IN[WT],RC_IN[BLOCK]=P40,RC_IN[BLOCK LOC]=P39))/SUM(FILTER(RC_IN[WT],RC_IN[BLOCK]=P40,RC_IN[BLOCK LOC]=P39)),"""") "),0.5671577779920918) -> 0.56715778 | Q42: =IFERROR(__xludf.DUMMYFUNCTION("IFERROR(SUMPRODUCT(FILTER(RC_IN[ASTM],RC_IN[BLOCK]=Q40,RC_IN[BLOCK LOC]=Q39),FILTER(RC_IN[WT],RC_IN[BLOCK]=Q40,RC_IN[BLOCK LOC]=Q39))/SUM(FILTER(RC_IN[WT],RC_IN[BLOCK]=Q40,RC_IN[BLOCK LOC]=Q39)),"""") ")," ") | R42: =IFERROR(__xludf.DUMMYFUNCTION("IFERROR(SUMPRODUCT(FILTER(RC_IN[ASTM],RC_IN[BLOCK]=R40,RC_IN[BLOCK LOC]=R39),FILTER(RC_IN[WT],RC_IN[BLOCK]=R40,RC_IN[BLOCK LOC]=R39))/SUM(FILTER(RC_IN[WT],RC_IN[BLOCK]=R40,RC_IN[BLOCK LOC]=R39)),"""") "),0.5805627052977342) -> 0.58056271 | S42: =IFERROR(__xludf.DUMMYFUNCTION("IFERROR(SUMPRODUCT(FILTER(RC_IN[ASTM],RC_IN[BLOCK]=S40,RC_IN[BLOCK LOC]=S39),FILTER(RC_IN[WT],RC_IN[BLOCK]=S40,RC_IN[BLOCK LOC]=S39))/SUM(FILTER(RC_IN[WT],RC_IN[BLOCK]=S40,RC_IN[BLOCK LOC]=S39)),"""") "),0.5740883486238532) -> 0.57408835 | T42: =IFERROR(__xludf.DUMMYFUNCTION("IFERROR(SUMPRODUCT(FILTER(RC_IN[ASTM],RC_IN[BLOCK]=T40,RC_IN[BLOCK LOC]=T39),FILTER(RC_IN[WT],RC_IN[BLOCK]=T40,RC_IN[BLOCK LOC]=T39))/SUM(FILTER(RC_IN[WT],RC_IN[BLOCK]=T40,RC_IN[BLOCK LOC]=T39)),"""") "),0.5709238066725296) -> 0.57092381 | U42: =IFERROR(__xludf.DUMMYFUNCTION("IFERROR(SUMPRODUCT(FILTER(RC_IN[ASTM],RC_IN[BLOCK]=U40,RC_IN[BLOCK LOC]=U39),FILTER(RC_IN[WT],RC_IN[BLOCK]=U40,RC_IN[BLOCK LOC]=U39))/SUM(FILTER(RC_IN[WT],RC_IN[BLOCK]=U40,RC_IN[BLOCK LOC]=U39)),"""") "),0.5746541601687918) -> 0.57465416 | V42: =IFERROR(__xludf.DUMMYFUNCTION("IFERROR(SUMPRODUCT(FILTER(RC_IN[ASTM],RC_IN[BLOCK]=V40,RC_IN[BLOCK LOC]=V39),FILTER(RC_IN[WT],RC_IN[BLOCK]=V40,RC_IN[BLOCK LOC]=V39))/SUM(FILTER(RC_IN[WT],RC_IN[BLOCK]=V40,RC_IN[BLOCK LOC]=V39)),"""") "),0.5692561807331629) -> 0.56925618 | W42: =IFERROR(__xludf.DUMMYFUNCTION("IFERROR(SUMPRODUCT(FILTER(RC_IN[ASTM],RC_IN[BLOCK]=W40,RC_IN[BLOCK LOC]=W39),FILTER(RC_IN[WT],RC_IN[BLOCK]=W40,RC_IN[BLOCK LOC]=W39))/SUM(FILTER(RC_IN[WT],RC_IN[BLOCK]=W40,RC_IN[BLOCK LOC]=W39)),"""") ")," ") | X42: =IFERROR(__xludf.DUMMYFUNCTION("IFERROR(SUMPRODUCT(FILTER(RC_IN[ASTM],RC_IN[BLOCK]=X40,RC_IN[BLOCK LOC]=X39),FILTER(RC_IN[WT],RC_IN[BLOCK]=X40,RC_IN[BLOCK LOC]=X39))/SUM(FILTER(RC_IN[WT],RC_IN[BLOCK]=X40,RC_IN[BLOCK LOC]=X39)),"""") "),0.5675104571257842) -> 0.56751046 | Y42: =IFERROR(__xludf.DUMMYFUNCTION("IFERROR(SUMPRODUCT(FILTER(RC_IN[ASTM],RC_IN[BLOCK]=Y40,RC_IN[BLOCK LOC]=Y39),FILTER(RC_IN[WT],RC_IN[BLOCK]=Y40,RC_IN[BLOCK LOC]=Y39))/SUM(FILTER(RC_IN[WT],RC_IN[BLOCK]=Y40,RC_IN[BLOCK LOC]=Y39)),"""") "),0.5572540187931971) -> 0.55725402 | Z42: =IFERROR(__xludf.DUMMYFUNCTION("IFERROR(SUMPRODUCT(FILTER(RC_IN[ASTM],RC_IN[BLOCK]=Z40,RC_IN[BLOCK LOC]=Z39),FILTER(RC_IN[WT],RC_IN[BLOCK]=Z40,RC_IN[BLOCK LOC]=Z39))/SUM(FILTER(RC_IN[WT],RC_IN[BLOCK]=Z40,RC_IN[BLOCK LOC]=Z39)),"""") "),0.5735074876600016) -> 0.57350749 | AA42: =IFERROR(__xludf.DUMMYFUNCTION("IFERROR(SUMPRODUCT(FILTER(RC_IN[ASTM],RC_IN[BLOCK]=AA40,RC_IN[BLOCK LOC]=AA39),FILTER(RC_IN[WT],RC_IN[BLOCK]=AA40,RC_IN[BLOCK LOC]=AA39))/SUM(FILTER(RC_IN[WT],RC_IN[BLOCK]=AA40,RC_IN[BLOCK LOC]=AA39)),"""") "),0.5652199213630407) -> 0.56521992
G43: ASH | H43: =IFERROR(__xludf.DUMMYFUNCTION("IFERROR(SUMPRODUCT(FILTER(RC_IN[ASH],RC_IN[BLOCK]=H40,RC_IN[BLOCK LOC]=H39),FILTER(RC_IN[WT],RC_IN[BLOCK]=H40,RC_IN[BLOCK LOC]=H39))/SUM(FILTER(RC_IN[WT],RC_IN[BLOCK]=H40,RC_IN[BLOCK LOC]=H39)),"""") "),3.4506602207246804) -> 3.4506602 | I43: =IFERROR(__xludf.DUMMYFUNCTION("IFERROR(SUMPRODUCT(FILTER(RC_IN[ASH],RC_IN[BLOCK]=I40,RC_IN[BLOCK LOC]=I39),FILTER(RC_IN[WT],RC_IN[BLOCK]=I40,RC_IN[BLOCK LOC]=I39))/SUM(FILTER(RC_IN[WT],RC_IN[BLOCK]=I40,RC_IN[BLOCK LOC]=I39)),"""") "),3.134353831598865) -> 3.1343538 | J43: =IFERROR(__xludf.DUMMYFUNCTION("IFERROR(SUMPRODUCT(FILTER(RC_IN[ASH],RC_IN[BLOCK]=J40,RC_IN[BLOCK LOC]=J39),FILTER(RC_IN[WT],RC_IN[BLOCK]=J40,RC_IN[BLOCK LOC]=J39))/SUM(FILTER(RC_IN[WT],RC_IN[BLOCK]=J40,RC_IN[BLOCK LOC]=J39)),"""") ")," ") | K43: =IFERROR(__xludf.DUMMYFUNCTION("IFERROR(SUMPRODUCT(FILTER(RC_IN[ASH],RC_IN[BLOCK]=K40,RC_IN[BLOCK LOC]=K39),FILTER(RC_IN[WT],RC_IN[BLOCK]=K40,RC_IN[BLOCK LOC]=K39))/SUM(FILTER(RC_IN[WT],RC_IN[BLOCK]=K40,RC_IN[BLOCK LOC]=K39)),"""") "),7.82922256621947) -> 7.8292226 | L43: =IFERROR(__xludf.DUMMYFUNCTION("IFERROR(SUMPRODUCT(FILTER(RC_IN[ASH],RC_IN[BLOCK]=L40,RC_IN[BLOCK LOC]=L39),FILTER(RC_IN[WT],RC_IN[BLOCK]=L40,RC_IN[BLOCK LOC]=L39))/SUM(FILTER(RC_IN[WT],RC_IN[BLOCK]=L40,RC_IN[BLOCK LOC]=L39)),"""") "),3.5777067381317) -> 3.5777067 | M43: =IFERROR(__xludf.DUMMYFUNCTION("IFERROR(SUMPRODUCT(FILTER(RC_IN[ASH],RC_IN[BLOCK]=M40,RC_IN[BLOCK LOC]=M39),FILTER(RC_IN[WT],RC_IN[BLOCK]=M40,RC_IN[BLOCK LOC]=M39))/SUM(FILTER(RC_IN[WT],RC_IN[BLOCK]=M40,RC_IN[BLOCK LOC]=M39)),"""") ")," ") | N43: =IFERROR(__xludf.DUMMYFUNCTION("IFERROR(SUMPRODUCT(FILTER(RC_IN[ASH],RC_IN[BLOCK]=N40,RC_IN[BLOCK LOC]=N39),FILTER(RC_IN[WT],RC_IN[BLOCK]=N40,RC_IN[BLOCK LOC]=N39))/SUM(FILTER(RC_IN[WT],RC_IN[BLOCK]=N40,RC_IN[BLOCK LOC]=N39)),"""") "),3.3454969104016476) -> 3.3454969 | O43: =IFERROR(__xludf.DUMMYFUNCTION("IFERROR(SUMPRODUCT(FILTER(RC_IN[ASH],RC_IN[BLOCK]=O40,RC_IN[BLOCK LOC]=O39),FILTER(RC_IN[WT],RC_IN[BLOCK]=O40,RC_IN[BLOCK LOC]=O39))/SUM(FILTER(RC_IN[WT],RC_IN[BLOCK]=O40,RC_IN[BLOCK LOC]=O39)),"""") "),5.239038976752225) -> 5.239039 | P43: =IFERROR(__xludf.DUMMYFUNCTION("IFERROR(SUMPRODUCT(FILTER(RC_IN[ASH],RC_IN[BLOCK]=P40,RC_IN[BLOCK LOC]=P39),FILTER(RC_IN[WT],RC_IN[BLOCK]=P40,RC_IN[BLOCK LOC]=P39))/SUM(FILTER(RC_IN[WT],RC_IN[BLOCK]=P40,RC_IN[BLOCK LOC]=P39)),"""") "),3.382857556177066) -> 3.3828576 | Q43: =IFERROR(__xludf.DUMMYFUNCTION("IFERROR(SUMPRODUCT(FILTER(RC_IN[ASH],RC_IN[BLOCK]=Q40,RC_IN[BLOCK LOC]=Q39),FILTER(RC_IN[WT],RC_IN[BLOCK]=Q40,RC_IN[BLOCK LOC]=Q39))/SUM(FILTER(RC_IN[WT],RC_IN[BLOCK]=Q40,RC_IN[BLOCK LOC]=Q39)),"""") ")," ") | R43: =IFERROR(__xludf.DUMMYFUNCTION("IFERROR(SUMPRODUCT(FILTER(RC_IN[ASH],RC_IN[BLOCK]=R40,RC_IN[BLOCK LOC]=R39),FILTER(RC_IN[WT],RC_IN[BLOCK]=R40,RC_IN[BLOCK LOC]=R39))/SUM(FILTER(RC_IN[WT],RC_IN[BLOCK]=R40,RC_IN[BLOCK LOC]=R39)),"""") "),3.174985260675482) -> 3.1749853 | S43: =IFERROR(__xludf.DUMMYFUNCTION("IFERROR(SUMPRODUCT(FILTER(RC_IN[ASH],RC_IN[BLOCK]=S40,RC_IN[BLOCK LOC]=S39),FILTER(RC_IN[WT],RC_IN[BLOCK]=S40,RC_IN[BLOCK LOC]=S39))/SUM(FILTER(RC_IN[WT],RC_IN[BLOCK]=S40,RC_IN[BLOCK LOC]=S39)),"""") "),3.5569220183486236) -> 3.556922 | T43: =IFERROR(__xludf.DUMMYFUNCTION("IFERROR(SUMPRODUCT(FILTER(RC_IN[ASH],RC_IN[BLOCK]=T40,RC_IN[BLOCK LOC]=T39),FILTER(RC_IN[WT],RC_IN[BLOCK]=T40,RC_IN[BLOCK LOC]=T39))/SUM(FILTER(RC_IN[WT],RC_IN[BLOCK]=T40,RC_IN[BLOCK LOC]=T39)),"""") "),4.4470871769923095) -> 4.4470872 | U43: =IFERROR(__xludf.DUMMYFUNCTION("IFERROR(SUMPRODUCT(FILTER(RC_IN[ASH],RC_IN[BLOCK]=U40,RC_IN[BLOCK LOC]=U39),FILTER(RC_IN[WT],RC_IN[BLOCK]=U40,RC_IN[BLOCK LOC]=U39))/SUM(FILTER(RC_IN[WT],RC_IN[BLOCK]=U40,RC_IN[BLOCK LOC]=U39)),"""") "),4.70130538482708) -> 4.7013054 | V43: =IFERROR(__xludf.DUMMYFUNCTION("IFERROR(SUMPRODUCT(FILTER(RC_IN[ASH],RC_IN[BLOCK]=V40,RC_IN[BLOCK LOC]=V39),FILTER(RC_IN[WT],RC_IN[BLOCK]=V40,RC_IN[BLOCK LOC]=V39))/SUM(FILTER(RC_IN[WT],RC_IN[BLOCK]=V40,RC_IN[BLOCK LOC]=V39)),"""") "),3.507825234441603) -> 3.5078252 | W43: =IFERROR(__xludf.DUMMYFUNCTION("IFERROR(SUMPRODUCT(FILTER(RC_IN[ASH],RC_IN[BLOCK]=W40,RC_IN[BLOCK LOC]=W39),FILTER(RC_IN[WT],RC_IN[BLOCK]=W40,RC_IN[BLOCK LOC]=W39))/SUM(FILTER(RC_IN[WT],RC_IN[BLOCK]=W40,RC_IN[BLOCK LOC]=W39)),"""") ")," ") | X43: =IFERROR(__xludf.DUMMYFUNCTION("IFERROR(SUMPRODUCT(FILTER(RC_IN[ASH],RC_IN[BLOCK]=X40,RC_IN[BLOCK LOC]=X39),FILTER(RC_IN[WT],RC_IN[BLOCK]=X40,RC_IN[BLOCK LOC]=X39))/SUM(FILTER(RC_IN[WT],RC_IN[BLOCK]=X40,RC_IN[BLOCK LOC]=X39)),"""") "),3.865430236032268) -> 3.8654302 | Y43: =IFERROR(__xludf.DUMMYFUNCTION("IFERROR(SUMPRODUCT(FILTER(RC_IN[ASH],RC_IN[BLOCK]=Y40,RC_IN[BLOCK LOC]=Y39),FILTER(RC_IN[WT],RC_IN[BLOCK]=Y40,RC_IN[BLOCK LOC]=Y39))/SUM(FILTER(RC_IN[WT],RC_IN[BLOCK]=Y40,RC_IN[BLOCK LOC]=Y39)),"""") "),3.628490331598975) -> 3.6284903 | Z43: =IFERROR(__xludf.DUMMYFUNCTION("IFERROR(SUMPRODUCT(FILTER(RC_IN[ASH],RC_IN[BLOCK]=Z40,RC_IN[BLOCK LOC]=Z39),FILTER(RC_IN[WT],RC_IN[BLOCK]=Z40,RC_IN[BLOCK LOC]=Z39))/SUM(FILTER(RC_IN[WT],RC_IN[BLOCK]=Z40,RC_IN[BLOCK LOC]=Z39)),"""") "),3.050144733539697) -> 3.0501447 | AA43: =IFERROR(__xludf.DUMMYFUNCTION("IFERROR(SUMPRODUCT(FILTER(RC_IN[ASH],RC_IN[BLOCK]=AA40,RC_IN[BLOCK LOC]=AA39),FILTER(RC_IN[WT],RC_IN[BLOCK]=AA40,RC_IN[BLOCK LOC]=AA39))/SUM(FILTER(RC_IN[WT],RC_IN[BLOCK]=AA40,RC_IN[BLOCK LOC]=AA39)),"""") "),3.220069899519441) -> 3.2200699
C44: =sum(C41,C35) -> 1806609 | G44: MC | H44: =IFERROR(__xludf.DUMMYFUNCTION("IFERROR(SUMPRODUCT(FILTER(RC_IN[MC],RC_IN[BLOCK]=H40,RC_IN[BLOCK LOC]=H39),FILTER(RC_IN[WT],RC_IN[BLOCK]=H40,RC_IN[BLOCK LOC]=H39)) / SUM(FILTER(RC_IN[WT],RC_IN[BLOCK]=H40,RC_IN[BLOCK LOC]=H39)),"""") "),9.46966988963766) -> 9.4696699 | I44: =IFERROR(__xludf.DUMMYFUNCTION("IFERROR(SUMPRODUCT(FILTER(RC_IN[MC],RC_IN[BLOCK]=I40,RC_IN[BLOCK LOC]=I39),FILTER(RC_IN[WT],RC_IN[BLOCK]=I40,RC_IN[BLOCK LOC]=I39)) / SUM(FILTER(RC_IN[WT],RC_IN[BLOCK]=I40,RC_IN[BLOCK LOC]=I39)),"""") "),10.305983916745506) -> 10.305984 | J44: =IFERROR(__xludf.DUMMYFUNCTION("IFERROR(SUMPRODUCT(FILTER(RC_IN[MC],RC_IN[BLOCK]=J40,RC_IN[BLOCK LOC]=J39),FILTER(RC_IN[WT],RC_IN[BLOCK]=J40,RC_IN[BLOCK LOC]=J39)) / SUM(FILTER(RC_IN[WT],RC_IN[BLOCK]=J40,RC_IN[BLOCK LOC]=J39)),"""") "),"") | K44: =IFERROR(__xludf.DUMMYFUNCTION("IFERROR(SUMPRODUCT(FILTER(RC_IN[MC],RC_IN[BLOCK]=K40,RC_IN[BLOCK LOC]=K39),FILTER(RC_IN[WT],RC_IN[BLOCK]=K40,RC_IN[BLOCK LOC]=K39)) / SUM(FILTER(RC_IN[WT],RC_IN[BLOCK]=K40,RC_IN[BLOCK LOC]=K39)),"""") "),9.93874441004472) -> 9.9387444 | L44: =IFERROR(__xludf.DUMMYFUNCTION("IFERROR(SUMPRODUCT(FILTER(RC_IN[MC],RC_IN[BLOCK]=L40,RC_IN[BLOCK LOC]=L39),FILTER(RC_IN[WT],RC_IN[BLOCK]=L40,RC_IN[BLOCK LOC]=L39)) / SUM(FILTER(RC_IN[WT],RC_IN[BLOCK]=L40,RC_IN[BLOCK LOC]=L39)),"""") "),9.191269142419602) -> 9.1912691 | M44: =IFERROR(__xludf.DUMMYFUNCTION("IFERROR(SUMPRODUCT(FILTER(RC_IN[MC],RC_IN[BLOCK]=M40,RC_IN[BLOCK LOC]=M39),FILTER(RC_IN[WT],RC_IN[BLOCK]=M40,RC_IN[BLOCK LOC]=M39)) / SUM(FILTER(RC_IN[WT],RC_IN[BLOCK]=M40,RC_IN[BLOCK LOC]=M39)),"""") "),"") | N44: =IFERROR(__xludf.DUMMYFUNCTION("IFERROR(SUMPRODUCT(FILTER(RC_IN[MC],RC_IN[BLOCK]=N40,RC_IN[BLOCK LOC]=N39),FILTER(RC_IN[WT],RC_IN[BLOCK]=N40,RC_IN[BLOCK LOC]=N39)) / SUM(FILTER(RC_IN[WT],RC_IN[BLOCK]=N40,RC_IN[BLOCK LOC]=N39)),"""") "),10.376830587023687) -> 10.376831 | O44: =IFERROR(__xludf.DUMMYFUNCTION("IFERROR(SUMPRODUCT(FILTER(RC_IN[MC],RC_IN[BLOCK]=O40,RC_IN[BLOCK LOC]=O39),FILTER(RC_IN[WT],RC_IN[BLOCK]=O40,RC_IN[BLOCK LOC]=O39)) / SUM(FILTER(RC_IN[WT],RC_IN[BLOCK]=O40,RC_IN[BLOCK LOC]=O39)),"""") "),11.025348716619135) -> 11.025349 | P44: =IFERROR(__xludf.DUMMYFUNCTION("IFERROR(SUMPRODUCT(FILTER(RC_IN[MC],RC_IN[BLOCK]=P40,RC_IN[BLOCK LOC]=P39),FILTER(RC_IN[WT],RC_IN[BLOCK]=P40,RC_IN[BLOCK LOC]=P39)) / SUM(FILTER(RC_IN[WT],RC_IN[BLOCK]=P40,RC_IN[BLOCK LOC]=P39)),"""") "),11.03883306008294) -> 11.038833 | Q44: =IFERROR(__xludf.DUMMYFUNCTION("IFERROR(SUMPRODUCT(FILTER(RC_IN[MC],RC_IN[BLOCK]=Q40,RC_IN[BLOCK LOC]=Q39),FILTER(RC_IN[WT],RC_IN[BLOCK]=Q40,RC_IN[BLOCK LOC]=Q39)) / SUM(FILTER(RC_IN[WT],RC_IN[BLOCK]=Q40,RC_IN[BLOCK LOC]=Q39)),"""") "),"") | R44: =IFERROR(__xludf.DUMMYFUNCTION("IFERROR(SUMPRODUCT(FILTER(RC_IN[MC],RC_IN[BLOCK]=R40,RC_IN[BLOCK LOC]=R39),FILTER(RC_IN[WT],RC_IN[BLOCK]=R40,RC_IN[BLOCK LOC]=R39)) / SUM(FILTER(RC_IN[WT],RC_IN[BLOCK]=R40,RC_IN[BLOCK LOC]=R39)),"""") "),9.60009685841826) -> 9.6000969 | S44: =IFERROR(__xludf.DUMMYFUNCTION("IFERROR(SUMPRODUCT(FILTER(RC_IN[MC],RC_IN[BLOCK]=S40,RC_IN[BLOCK LOC]=S39),FILTER(RC_IN[WT],RC_IN[BLOCK]=S40,RC_IN[BLOCK LOC]=S39)) / SUM(FILTER(RC_IN[WT],RC_IN[BLOCK]=S40,RC_IN[BLOCK LOC]=S39)),"""") "),9.385277064220183) -> 9.3852771 | T44: =IFERROR(__xludf.DUMMYFUNCTION("IFERROR(SUMPRODUCT(FILTER(RC_IN[MC],RC_IN[BLOCK]=T40,RC_IN[BLOCK LOC]=T39),FILTER(RC_IN[WT],RC_IN[BLOCK]=T40,RC_IN[BLOCK LOC]=T39)) / SUM(FILTER(RC_IN[WT],RC_IN[BLOCK]=T40,RC_IN[BLOCK LOC]=T39)),"""") "),10.760781019029618) -> 10.760781 | U44: =IFERROR(__xludf.DUMMYFUNCTION("IFERROR(SUMPRODUCT(FILTER(RC_IN[MC],RC_IN[BLOCK]=U40,RC_IN[BLOCK LOC]=U39),FILTER(RC_IN[WT],RC_IN[BLOCK]=U40,RC_IN[BLOCK LOC]=U39)) / SUM(FILTER(RC_IN[WT],RC_IN[BLOCK]=U40,RC_IN[BLOCK LOC]=U39)),"""") "),10.971839280799925) -> 10.971839 | V44: =IFERROR(__xludf.DUMMYFUNCTION("IFERROR(SUMPRODUCT(FILTER(RC_IN[MC],RC_IN[BLOCK]=V40,RC_IN[BLOCK LOC]=V39),FILTER(RC_IN[WT],RC_IN[BLOCK]=V40,RC_IN[BLOCK LOC]=V39)) / SUM(FILTER(RC_IN[WT],RC_IN[BLOCK]=V40,RC_IN[BLOCK LOC]=V39)),"""") "),9.719043478260868) -> 9.7190435 | W44: =IFERROR(__xludf.DUMMYFUNCTION("IFERROR(SUMPRODUCT(FILTER(RC_IN[MC],RC_IN[BLOCK]=W40,RC_IN[BLOCK LOC]=W39),FILTER(RC_IN[WT],RC_IN[BLOCK]=W40,RC_IN[BLOCK LOC]=W39)) / SUM(FILTER(RC_IN[WT],RC_IN[BLOCK]=W40,RC_IN[BLOCK LOC]=W39)),"""") "),"") | X44: =IFERROR(__xludf.DUMMYFUNCTION("IFERROR(SUMPRODUCT(FILTER(RC_IN[MC],RC_IN[BLOCK]=X40,RC_IN[BLOCK LOC]=X39),FILTER(RC_IN[WT],RC_IN[BLOCK]=X40,RC_IN[BLOCK LOC]=X39)) / SUM(FILTER(RC_IN[WT],RC_IN[BLOCK]=X40,RC_IN[BLOCK LOC]=X39)),"""") "),10.76634224678817) -> 10.766342 | Y44: =IFERROR(__xludf.DUMMYFUNCTION("IFERROR(SUMPRODUCT(FILTER(RC_IN[MC],RC_IN[BLOCK]=Y40,RC_IN[BLOCK LOC]=Y39),FILTER(RC_IN[WT],RC_IN[BLOCK]=Y40,RC_IN[BLOCK LOC]=Y39)) / SUM(FILTER(RC_IN[WT],RC_IN[BLOCK]=Y40,RC_IN[BLOCK LOC]=Y39)),"""") "),10.272297118894153) -> 10.272297 | Z44: =IFERROR(__xludf.DUMMYFUNCTION("IFERROR(SUMPRODUCT(FILTER(RC_IN[MC],RC_IN[BLOCK]=Z40,RC_IN[BLOCK LOC]=Z39),FILTER(RC_IN[WT],RC_IN[BLOCK]=Z40,RC_IN[BLOCK LOC]=Z39)) / SUM(FILTER(RC_IN[WT],RC_IN[BLOCK]=Z40,RC_IN[BLOCK LOC]=Z39)),"""") "),10.51977997155526) -> 10.51978 | AA44: =IFERROR(__xludf.DUMMYFUNCTION("IFERROR(SUMPRODUCT(FILTER(RC_IN[MC],RC_IN[BLOCK]=AA40,RC_IN[BLOCK LOC]=AA39),FILTER(RC_IN[WT],RC_IN[BLOCK]=AA40,RC_IN[BLOCK LOC]=AA39)) / SUM(FILTER(RC_IN[WT],RC_IN[BLOCK]=AA40,RC_IN[BLOCK LOC]=AA39)),"""") "),9.987478374836172) -> 9.9874784
C46: =E46 -> WHSE D | D46: D | E46: =CONCATENATE("WHSE ",D46) -> WHSE D | G46: A | H46: =CONCATENATE($D46,"-",H$1,$G46) -> D-1A | I46: =CONCATENATE($D46,"-",I$1,$G46) -> D-2A | J46: =CONCATENATE($D46,"-",J$1,$G46) -> D-3A | K46: =CONCATENATE($D46,"-",K$1,$G46) -> D-4A | L46: =CONCATENATE($D46,"-",L$1,$G46) -> D-5A | M46: =CONCATENATE($D46,"-",M$1,$G46) -> D-6A | N46: =CONCATENATE($D46,"-",N$1,$G46) -> D-7A | O46: =CONCATENATE($D46,"-",O$1,$G46) -> D-8A | ... AA46: =CONCATENATE($D46,"-",AA$1,$G46) -> D-20A
C47: TTLs | F47: =IF(COUNTIF(G47:Z47,"ERROR")=0,"CLEAR",COUNTIF(G47:Z47,"ERROR")&" ERRORS") -> CLEAR | G47: BLOCK | H47: =IFERROR(__xludf.DUMMYFUNCTION("IFERROR(IF(COUNTA(UNIQUE(FILTER(RC_IN[BLOCK],RC_IN[BLOCK LOC]=H46,RC_IN[STATE]<>""CLOSED"")))>1,""ERROR"",INDEX(UNIQUE(FILTER(RC_IN[BLOCK],RC_IN[BLOCK LOC]=H46,RC_IN[STATE]<>""CLOSED"")),1)),"""") "),"") | I47: =IFERROR(__xludf.DUMMYFUNCTION("IFERROR(IF(COUNTA(UNIQUE(FILTER(RC_IN[BLOCK],RC_IN[BLOCK LOC]=I46,RC_IN[STATE]<>""CLOSED"")))>1,""ERROR"",INDEX(UNIQUE(FILTER(RC_IN[BLOCK],RC_IN[BLOCK LOC]=I46,RC_IN[STATE]<>""CLOSED"")),1)),"""") "),"APRIL-26-BLK4") -> APRIL-26-BLK4 | J47: =IFERROR(__xludf.DUMMYFUNCTION("IFERROR(IF(COUNTA(UNIQUE(FILTER(RC_IN[BLOCK],RC_IN[BLOCK LOC]=J46,RC_IN[STATE]<>""CLOSED"")))>1,""ERROR"",INDEX(UNIQUE(FILTER(RC_IN[BLOCK],RC_IN[BLOCK LOC]=J46,RC_IN[STATE]<>""CLOSED"")),1)),"""") "),"APRIL-26-BLK2") -> APRIL-26-BLK2 | K47: =IFERROR(__xludf.DUMMYFUNCTION("IFERROR(IF(COUNTA(UNIQUE(FILTER(RC_IN[BLOCK],RC_IN[BLOCK LOC]=K46,RC_IN[STATE]<>""CLOSED"")))>1,""ERROR"",INDEX(UNIQUE(FILTER(RC_IN[BLOCK],RC_IN[BLOCK LOC]=K46,RC_IN[STATE]<>""CLOSED"")),1)),"""") "),"APRIL-26-BLK1") -> APRIL-26-BLK1 | L47: =IFERROR(__xludf.DUMMYFUNCTION("IFERROR(IF(COUNTA(UNIQUE(FILTER(RC_IN[BLOCK],RC_IN[BLOCK LOC]=L46,RC_IN[STATE]<>""CLOSED"")))>1,""ERROR"",INDEX(UNIQUE(FILTER(RC_IN[BLOCK],RC_IN[BLOCK LOC]=L46,RC_IN[STATE]<>""CLOSED"")),1)),"""") "),"APRIL-26-BLK3") -> APRIL-26-BLK3 | M47: =IFERROR(__xludf.DUMMYFUNCTION("IFERROR(IF(COUNTA(UNIQUE(FILTER(RC_IN[BLOCK],RC_IN[BLOCK LOC]=M46,RC_IN[STATE]<>""CLOSED"")))>1,""ERROR"",INDEX(UNIQUE(FILTER(RC_IN[BLOCK],RC_IN[BLOCK LOC]=M46,RC_IN[STATE]<>""CLOSED"")),1)),"""") "),"") | N47: =IFERROR(__xludf.DUMMYFUNCTION("IFERROR(IF(COUNTA(UNIQUE(FILTER(RC_IN[BLOCK],RC_IN[BLOCK LOC]=N46,RC_IN[STATE]<>""CLOSED"")))>1,""ERROR"",INDEX(UNIQUE(FILTER(RC_IN[BLOCK],RC_IN[BLOCK LOC]=N46,RC_IN[STATE]<>""CLOSED"")),1)),"""") "),"") | O47: =IFERROR(__xludf.DUMMYFUNCTION("IFERROR(IF(COUNTA(UNIQUE(FILTER(RC_IN[BLOCK],RC_IN[BLOCK LOC]=O46,RC_IN[STATE]<>""CLOSED"")))>1,""ERROR"",INDEX(UNIQUE(FILTER(RC_IN[BLOCK],RC_IN[BLOCK LOC]=O46,RC_IN[STATE]<>""CLOSED"")),1)),"""") "),"NOV-25-BLK13") -> NOV-25-BLK13 | P47: =IFERROR(__xludf.DUMMYFUNCTION("IFERROR(IF(COUNTA(UNIQUE(FILTER(RC_IN[BLOCK],RC_IN[BLOCK LOC]=P46,RC_IN[STATE]<>""CLOSED"")))>1,""ERROR"",INDEX(UNIQUE(FILTER(RC_IN[BLOCK],RC_IN[BLOCK LOC]=P46,RC_IN[STATE]<>""CLOSED"")),1)),"""") "),"NOV-25-BLK2") -> NOV-25-BLK2 | Q47: =IFERROR(__xludf.DUMMYFUNCTION("IFERROR(IF(COUNTA(UNIQUE(FILTER(RC_IN[BLOCK],RC_IN[BLOCK LOC]=Q46,RC_IN[STATE]<>""CLOSED"")))>1,""ERROR"",INDEX(UNIQUE(FILTER(RC_IN[BLOCK],RC_IN[BLOCK LOC]=Q46,RC_IN[STATE]<>""CLOSED"")),1)),"""") "),"OCT-25-BLK22") -> OCT-25-BLK22 | R47: =IFERROR(__xludf.DUMMYFUNCTION("IFERROR(IF(COUNTA(UNIQUE(FILTER(RC_IN[BLOCK],RC_IN[BLOCK LOC]=R46,RC_IN[STATE]<>""CLOSED"")))>1,""ERROR"",INDEX(UNIQUE(FILTER(RC_IN[BLOCK],RC_IN[BLOCK LOC]=R46,RC_IN[STATE]<>""CLOSED"")),1)),"""") "),"") | S47: =IFERROR(__xludf.DUMMYFUNCTION("IFERROR(IF(COUNTA(UNIQUE(FILTER(RC_IN[BLOCK],RC_IN[BLOCK LOC]=S46,RC_IN[STATE]<>""CLOSED"")))>1,""ERROR"",INDEX(UNIQUE(FILTER(RC_IN[BLOCK],RC_IN[BLOCK LOC]=S46,RC_IN[STATE]<>""CLOSED"")),1)),"""") "),"") | T47: =IFERROR(__xludf.DUMMYFUNCTION("IFERROR(IF(COUNTA(UNIQUE(FILTER(RC_IN[BLOCK],RC_IN[BLOCK LOC]=T46,RC_IN[STATE]<>""CLOSED"")))>1,""ERROR"",INDEX(UNIQUE(FILTER(RC_IN[BLOCK],RC_IN[BLOCK LOC]=T46,RC_IN[STATE]<>""CLOSED"")),1)),"""") "),"") | U47: =IFERROR(__xludf.DUMMYFUNCTION("IFERROR(IF(COUNTA(UNIQUE(FILTER(RC_IN[BLOCK],RC_IN[BLOCK LOC]=U46,RC_IN[STATE]<>""CLOSED"")))>1,""ERROR"",INDEX(UNIQUE(FILTER(RC_IN[BLOCK],RC_IN[BLOCK LOC]=U46,RC_IN[STATE]<>""CLOSED"")),1)),"""") "),"") | V47: =IFERROR(__xludf.DUMMYFUNCTION("IFERROR(IF(COUNTA(UNIQUE(FILTER(RC_IN[BLOCK],RC_IN[BLOCK LOC]=V46,RC_IN[STATE]<>""CLOSED"")))>1,""ERROR"",INDEX(UNIQUE(FILTER(RC_IN[BLOCK],RC_IN[BLOCK LOC]=V46,RC_IN[STATE]<>""CLOSED"")),1)),"""") "),"NOV-25-BLK7") -> NOV-25-BLK7 | W47: =IFERROR(__xludf.DUMMYFUNCTION("IFERROR(IF(COUNTA(UNIQUE(FILTER(RC_IN[BLOCK],RC_IN[BLOCK LOC]=W46,RC_IN[STATE]<>""CLOSED"")))>1,""ERROR"",INDEX(UNIQUE(FILTER(RC_IN[BLOCK],RC_IN[BLOCK LOC]=W46,RC_IN[STATE]<>""CLOSED"")),1)),"""") "),"DEC-25-BLK14") -> DEC-25-BLK14 | X47: =IFERROR(__xludf.DUMMYFUNCTION("IFERROR(IF(COUNTA(UNIQUE(FILTER(RC_IN[BLOCK],RC_IN[BLOCK LOC]=X46,RC_IN[STATE]<>""CLOSED"")))>1,""ERROR"",INDEX(UNIQUE(FILTER(RC_IN[BLOCK],RC_IN[BLOCK LOC]=X46,RC_IN[STATE]<>""CLOSED"")),1)),"""") "),"MAY-26-BLK9") -> MAY-26-BLK9 | Y47: =IFERROR(__xludf.DUMMYFUNCTION("IFERROR(IF(COUNTA(UNIQUE(FILTER(RC_IN[BLOCK],RC_IN[BLOCK LOC]=Y46,RC_IN[STATE]<>""CLOSED"")))>1,""ERROR"",INDEX(UNIQUE(FILTER(RC_IN[BLOCK],RC_IN[BLOCK LOC]=Y46,RC_IN[STATE]<>""CLOSED"")),1)),"""") "),"JUNE-26-BLK7") -> JUNE-26-BLK7 | Z47: =IFERROR(__xludf.DUMMYFUNCTION("IFERROR(IF(COUNTA(UNIQUE(FILTER(RC_IN[BLOCK],RC_IN[BLOCK LOC]=Z46,RC_IN[STATE]<>""CLOSED"")))>1,""ERROR"",INDEX(UNIQUE(FILTER(RC_IN[BLOCK],RC_IN[BLOCK LOC]=Z46,RC_IN[STATE]<>""CLOSED"")),1)),"""") "),"") | AA47: =IFERROR(__xludf.DUMMYFUNCTION("IFERROR(IF(COUNTA(UNIQUE(FILTER(RC_IN[BLOCK],RC_IN[BLOCK LOC]=AA46,RC_IN[STATE]<>""CLOSED"")))>1,""ERROR"",INDEX(UNIQUE(FILTER(RC_IN[BLOCK],RC_IN[BLOCK LOC]=AA46,RC_IN[STATE]<>""CLOSED"")),1)),"""") "),"")
C48: =sum(H48:AA48) -> 616100 | G48: BALANCE | H48: =SUMIFS(RC_IN[WT],RC_IN[BLOCK],H47,RC_IN[BLOCK LOC],H46)-SUMIFS(RC_OUT[WT],RC_OUT[BLOCK],H47,RC_OUT[BLOCK LOC],H46) -> 0 | I48: =SUMIFS(RC_IN[WT],RC_IN[BLOCK],I47,RC_IN[BLOCK LOC],I46)-SUMIFS(RC_OUT[WT],RC_OUT[BLOCK],I47,RC_OUT[BLOCK LOC],I46) -> 57715 | J48: =SUMIFS(RC_IN[WT],RC_IN[BLOCK],J47,RC_IN[BLOCK LOC],J46)-SUMIFS(RC_OUT[WT],RC_OUT[BLOCK],J47,RC_OUT[BLOCK LOC],J46) -> 53410 | K48: =SUMIFS(RC_IN[WT],RC_IN[BLOCK],K47,RC_IN[BLOCK LOC],K46)-SUMIFS(RC_OUT[WT],RC_OUT[BLOCK],K47,RC_OUT[BLOCK LOC],K46) -> 57285 | L48: =SUMIFS(RC_IN[WT],RC_IN[BLOCK],L47,RC_IN[BLOCK LOC],L46)-SUMIFS(RC_OUT[WT],RC_OUT[BLOCK],L47,RC_OUT[BLOCK LOC],L46) -> 50108 | M48: =SUMIFS(RC_IN[WT],RC_IN[BLOCK],M47,RC_IN[BLOCK LOC],M46)-SUMIFS(RC_OUT[WT],RC_OUT[BLOCK],M47,RC_OUT[BLOCK LOC],M46) -> 0 | N48: =SUMIFS(RC_IN[WT],RC_IN[BLOCK],N47,RC_IN[BLOCK LOC],N46)-SUMIFS(RC_OUT[WT],RC_OUT[BLOCK],N47,RC_OUT[BLOCK LOC],N46) -> 0 | O48: =SUMIFS(RC_IN[WT],RC_IN[BLOCK],O47,RC_IN[BLOCK LOC],O46)-SUMIFS(RC_OUT[WT],RC_OUT[BLOCK],O47,RC_OUT[BLOCK LOC],O46) -> 58195 | ... AA48: =SUMIFS(RC_IN[WT],RC_IN[BLOCK],AA47,RC_IN[BLOCK LOC],AA46)-SUMIFS(RC_OUT[WT],RC_OUT[BLOCK],AA47,RC_OUT[BLOCK LOC],AA46) -> 0
G49: BD | H49: =IFERROR(__xludf.DUMMYFUNCTION("IFERROR(SUMPRODUCT(FILTER(RC_IN[ASTM],RC_IN[BLOCK]=H47,RC_IN[BLOCK LOC]=H46),FILTER(RC_IN[WT],RC_IN[BLOCK]=H47,RC_IN[BLOCK LOC]=H46))/SUM(FILTER(RC_IN[WT],RC_IN[BLOCK]=H47,RC_IN[BLOCK LOC]=H46)),"""") ")," ") | I49: =IFERROR(__xludf.DUMMYFUNCTION("IFERROR(SUMPRODUCT(FILTER(RC_IN[ASTM],RC_IN[BLOCK]=I47,RC_IN[BLOCK LOC]=I46),FILTER(RC_IN[WT],RC_IN[BLOCK]=I47,RC_IN[BLOCK LOC]=I46))/SUM(FILTER(RC_IN[WT],RC_IN[BLOCK]=I47,RC_IN[BLOCK LOC]=I46)),"""") "),0.5651429437754483) -> 0.56514294 | J49: =IFERROR(__xludf.DUMMYFUNCTION("IFERROR(SUMPRODUCT(FILTER(RC_IN[ASTM],RC_IN[BLOCK]=J47,RC_IN[BLOCK LOC]=J46),FILTER(RC_IN[WT],RC_IN[BLOCK]=J47,RC_IN[BLOCK LOC]=J46))/SUM(FILTER(RC_IN[WT],RC_IN[BLOCK]=J47,RC_IN[BLOCK LOC]=J46)),"""") "),0.5742068900954878) -> 0.57420689 | K49: =IFERROR(__xludf.DUMMYFUNCTION("IFERROR(SUMPRODUCT(FILTER(RC_IN[ASTM],RC_IN[BLOCK]=K47,RC_IN[BLOCK LOC]=K46),FILTER(RC_IN[WT],RC_IN[BLOCK]=K47,RC_IN[BLOCK LOC]=K46))/SUM(FILTER(RC_IN[WT],RC_IN[BLOCK]=K47,RC_IN[BLOCK LOC]=K46)),"""") "),0.5643205027494108) -> 0.5643205 | L49: =IFERROR(__xludf.DUMMYFUNCTION("IFERROR(SUMPRODUCT(FILTER(RC_IN[ASTM],RC_IN[BLOCK]=L47,RC_IN[BLOCK LOC]=L46),FILTER(RC_IN[WT],RC_IN[BLOCK]=L47,RC_IN[BLOCK LOC]=L46))/SUM(FILTER(RC_IN[WT],RC_IN[BLOCK]=L47,RC_IN[BLOCK LOC]=L46)),"""") "),0.5541884728985392) -> 0.55418847 | M49: =IFERROR(__xludf.DUMMYFUNCTION("IFERROR(SUMPRODUCT(FILTER(RC_IN[ASTM],RC_IN[BLOCK]=M47,RC_IN[BLOCK LOC]=M46),FILTER(RC_IN[WT],RC_IN[BLOCK]=M47,RC_IN[BLOCK LOC]=M46))/SUM(FILTER(RC_IN[WT],RC_IN[BLOCK]=M47,RC_IN[BLOCK LOC]=M46)),"""") ")," ") | N49: =IFERROR(__xludf.DUMMYFUNCTION("IFERROR(SUMPRODUCT(FILTER(RC_IN[ASTM],RC_IN[BLOCK]=N47,RC_IN[BLOCK LOC]=N46),FILTER(RC_IN[WT],RC_IN[BLOCK]=N47,RC_IN[BLOCK LOC]=N46))/SUM(FILTER(RC_IN[WT],RC_IN[BLOCK]=N47,RC_IN[BLOCK LOC]=N46)),"""") ")," ") | O49: =IFERROR(__xludf.DUMMYFUNCTION("IFERROR(SUMPRODUCT(FILTER(RC_IN[ASTM],RC_IN[BLOCK]=O47,RC_IN[BLOCK LOC]=O46),FILTER(RC_IN[WT],RC_IN[BLOCK]=O47,RC_IN[BLOCK LOC]=O46))/SUM(FILTER(RC_IN[WT],RC_IN[BLOCK]=O47,RC_IN[BLOCK LOC]=O46)),"""") "),0.5769880573932468) -> 0.57698806 | P49: =IFERROR(__xludf.DUMMYFUNCTION("IFERROR(SUMPRODUCT(FILTER(RC_IN[ASTM],RC_IN[BLOCK]=P47,RC_IN[BLOCK LOC]=P46),FILTER(RC_IN[WT],RC_IN[BLOCK]=P47,RC_IN[BLOCK LOC]=P46))/SUM(FILTER(RC_IN[WT],RC_IN[BLOCK]=P47,RC_IN[BLOCK LOC]=P46)),"""") "),0.5769412006227225) -> 0.5769412 | Q49: =IFERROR(__xludf.DUMMYFUNCTION("IFERROR(SUMPRODUCT(FILTER(RC_IN[ASTM],RC_IN[BLOCK]=Q47,RC_IN[BLOCK LOC]=Q46),FILTER(RC_IN[WT],RC_IN[BLOCK]=Q47,RC_IN[BLOCK LOC]=Q46))/SUM(FILTER(RC_IN[WT],RC_IN[BLOCK]=Q47,RC_IN[BLOCK LOC]=Q46)),"""") "),0.5759802451406051) -> 0.57598025 | R49: =IFERROR(__xludf.DUMMYFUNCTION("IFERROR(SUMPRODUCT(FILTER(RC_IN[ASTM],RC_IN[BLOCK]=R47,RC_IN[BLOCK LOC]=R46),FILTER(RC_IN[WT],RC_IN[BLOCK]=R47,RC_IN[BLOCK LOC]=R46))/SUM(FILTER(RC_IN[WT],RC_IN[BLOCK]=R47,RC_IN[BLOCK LOC]=R46)),"""") ")," ") | S49: =IFERROR(__xludf.DUMMYFUNCTION("IFERROR(SUMPRODUCT(FILTER(RC_IN[ASTM],RC_IN[BLOCK]=S47,RC_IN[BLOCK LOC]=S46),FILTER(RC_IN[WT],RC_IN[BLOCK]=S47,RC_IN[BLOCK LOC]=S46))/SUM(FILTER(RC_IN[WT],RC_IN[BLOCK]=S47,RC_IN[BLOCK LOC]=S46)),"""") ")," ") | T49: =IFERROR(__xludf.DUMMYFUNCTION("IFERROR(SUMPRODUCT(FILTER(RC_IN[ASTM],RC_IN[BLOCK]=T47,RC_IN[BLOCK LOC]=T46),FILTER(RC_IN[WT],RC_IN[BLOCK]=T47,RC_IN[BLOCK LOC]=T46))/SUM(FILTER(RC_IN[WT],RC_IN[BLOCK]=T47,RC_IN[BLOCK LOC]=T46)),"""") ")," ") | U49: =IFERROR(__xludf.DUMMYFUNCTION("IFERROR(SUMPRODUCT(FILTER(RC_IN[ASTM],RC_IN[BLOCK]=U47,RC_IN[BLOCK LOC]=U46),FILTER(RC_IN[WT],RC_IN[BLOCK]=U47,RC_IN[BLOCK LOC]=U46))/SUM(FILTER(RC_IN[WT],RC_IN[BLOCK]=U47,RC_IN[BLOCK LOC]=U46)),"""") ")," ") | V49: =IFERROR(__xludf.DUMMYFUNCTION("IFERROR(SUMPRODUCT(FILTER(RC_IN[ASTM],RC_IN[BLOCK]=V47,RC_IN[BLOCK LOC]=V46),FILTER(RC_IN[WT],RC_IN[BLOCK]=V47,RC_IN[BLOCK LOC]=V46))/SUM(FILTER(RC_IN[WT],RC_IN[BLOCK]=V47,RC_IN[BLOCK LOC]=V46)),"""") "),0.5705610445288901) -> 0.57056104 | W49: =IFERROR(__xludf.DUMMYFUNCTION("IFERROR(SUMPRODUCT(FILTER(RC_IN[ASTM],RC_IN[BLOCK]=W47,RC_IN[BLOCK LOC]=W46),FILTER(RC_IN[WT],RC_IN[BLOCK]=W47,RC_IN[BLOCK LOC]=W46))/SUM(FILTER(RC_IN[WT],RC_IN[BLOCK]=W47,RC_IN[BLOCK LOC]=W46)),"""") "),0.5748792254119246) -> 0.57487923 | X49: =IFERROR(__xludf.DUMMYFUNCTION("IFERROR(SUMPRODUCT(FILTER(RC_IN[ASTM],RC_IN[BLOCK]=X47,RC_IN[BLOCK LOC]=X46),FILTER(RC_IN[WT],RC_IN[BLOCK]=X47,RC_IN[BLOCK LOC]=X46))/SUM(FILTER(RC_IN[WT],RC_IN[BLOCK]=X47,RC_IN[BLOCK LOC]=X46)),"""") "),0.5689516289143578) -> 0.56895163 | Y49: =IFERROR(__xludf.DUMMYFUNCTION("IFERROR(SUMPRODUCT(FILTER(RC_IN[ASTM],RC_IN[BLOCK]=Y47,RC_IN[BLOCK LOC]=Y46),FILTER(RC_IN[WT],RC_IN[BLOCK]=Y47,RC_IN[BLOCK LOC]=Y46))/SUM(FILTER(RC_IN[WT],RC_IN[BLOCK]=Y47,RC_IN[BLOCK LOC]=Y46)),"""") "),0.5687905697800216) -> 0.56879057 | Z49: =IFERROR(__xludf.DUMMYFUNCTION("IFERROR(SUMPRODUCT(FILTER(RC_IN[ASTM],RC_IN[BLOCK]=Z47,RC_IN[BLOCK LOC]=Z46),FILTER(RC_IN[WT],RC_IN[BLOCK]=Z47,RC_IN[BLOCK LOC]=Z46))/SUM(FILTER(RC_IN[WT],RC_IN[BLOCK]=Z47,RC_IN[BLOCK LOC]=Z46)),"""") ")," ") | AA49: =IFERROR(__xludf.DUMMYFUNCTION("IFERROR(SUMPRODUCT(FILTER(RC_IN[ASTM],RC_IN[BLOCK]=AA47,RC_IN[BLOCK LOC]=AA46),FILTER(RC_IN[WT],RC_IN[BLOCK]=AA47,RC_IN[BLOCK LOC]=AA46))/SUM(FILTER(RC_IN[WT],RC_IN[BLOCK]=AA47,RC_IN[BLOCK LOC]=AA46)),"""") ")," ")
